https://ks-electrica.ru/r-kabeli-i-provoda.html;
https://ks-electrica.ru/r-kabeli-svyazi-telefonnye-telekommunikatsionnye.html;
https://ks-electrica.ru/r-kvk-p.html;
https://ks-electrica.ru/r-kspv.html;
https://ks-electrica.ru/r-prppm.html;
https://ks-electrica.ru/r-ptpzh.html;
https://ks-electrica.ru/r-tppep.html;
https://ks-electrica.ru/r-trp.html;
https://ks-electrica.ru/r-kabel-vysokogo-napryazheniya.html;
https://ks-electrica.ru/r-aashv.html;
https://ks-electrica.ru/r-kabel-gibkiy.html;
https://ks-electrica.ru/r-kg.html;
https://ks-electrica.ru/r-kg-khl.html;
https://ks-electrica.ru/r-kgvvng-a-ls.html;
https://ks-electrica.ru/r-kgtp.html;
https://ks-electrica.ru/r-kgtp-khl.html;
https://ks-electrica.ru/r-kabel-gibridnyy.html;
https://ks-electrica.ru/r-kksv-v.html;
https://ks-electrica.ru/r-kksv-p.html;
https://ks-electrica.ru/r-shvev.html;
https://ks-electrica.ru/r-kabel-dlya-svyazi-i-peredachi-dannykh-med.html;
https://ks-electrica.ru/r-kabel-informatsionnyy-dlya-peredachi-dannykh-kompyuternyy.html;
https://ks-electrica.ru/r-ftp.html;
https://ks-electrica.ru/r-utp.html;
https://ks-electrica.ru/r-p274-m.html;
https://ks-electrica.ru/r-segmentki-485-evng-a-ls.html;
https://ks-electrica.ru/r-segmentki-485-eng-a-hf.html;
https://ks-electrica.ru/r-kabel-koaksialnyy.html;
https://ks-electrica.ru/r-rg.html;
https://ks-electrica.ru/r-sat.html;
https://ks-electrica.ru/r-kvk-v.html;
https://ks-electrica.ru/r-rk.html;
https://ks-electrica.ru/r-kabel-kontrolnyy.html;
https://ks-electrica.ru/r-kvbshvng-a-ls.html;
https://ks-electrica.ru/r-kvvg.html;
https://ks-electrica.ru/r-kvvgng-a.html;
https://ks-electrica.ru/r-kvvgng-a-frls.html;
https://ks-electrica.ru/r-kvvgng-a-ls.html;
https://ks-electrica.ru/r-kvvgeng-a-ls.html;
https://ks-electrica.ru/r-mkesh.html;
https://ks-electrica.ru/r-kabel-opticheskiy.html;
https://ks-electrica.ru/r-kabel-okhranno-pozharnoy-signalizatsii.html;
https://ks-electrica.ru/r-kopseng-a-frhf.html;
https://ks-electrica.ru/r-kopseng-a-frls.html;
https://ks-electrica.ru/r-kpsng-a-frhf.html;
https://ks-electrica.ru/r-kpsng-a-frls.html;
https://ks-electrica.ru/r-kpsng-a-frlsltx.html;
https://ks-electrica.ru/r-kpseng-a-frhf.html;
https://ks-electrica.ru/r-kpseng-a-frls.html;
https://ks-electrica.ru/r-kpseng-a-frlsltx.html;
https://ks-electrica.ru/r-kabel-silovoy.html;
https://ks-electrica.ru/r-num-j.html;
https://ks-electrica.ru/r-num-o.html;
https://ks-electrica.ru/r-nym-j.html;
https://ks-electrica.ru/r-nym-o.html;
https://ks-electrica.ru/r-aabl.html;
https://ks-electrica.ru/r-avbshv.html;
https://ks-electrica.ru/r-avvg.html;
https://ks-electrica.ru/r-avvg-p.html;
https://ks-electrica.ru/r-avvgng-a-ls.html;
https://ks-electrica.ru/r-apvbshp.html;
https://ks-electrica.ru/r-apvbshp-g.html;
https://ks-electrica.ru/r-asbl.html;
https://ks-electrica.ru/r-vbshv.html;
https://ks-electrica.ru/r-vbshvng-a-ls.html;
https://ks-electrica.ru/r-vvg-p.html;
https://ks-electrica.ru/r-vvg-png-ls-a.html;
https://ks-electrica.ru/r-vvg-png-a.html;
https://ks-electrica.ru/r-vvg-png-a-frls.html;
https://ks-electrica.ru/r-vvg-png-a-frlsltx.html;
https://ks-electrica.ru/r-vvg-png-a-ls.html;
https://ks-electrica.ru/r-vvg-png-a-lsltx.html;
https://ks-electrica.ru/r-vvgng.html;
https://ks-electrica.ru/r-vvgng-frls.html;
https://ks-electrica.ru/r-vvgng-ls.html;
https://ks-electrica.ru/r-vvgng-a.html;
https://ks-electrica.ru/r-vvgng-a-frls.html;
https://ks-electrica.ru/r-vvgng-a-frlsltx.html;
https://ks-electrica.ru/r-vvgng-a-ls.html;
https://ks-electrica.ru/r-vvgng-a-lsltx.html;
https://ks-electrica.ru/r-ppg-png-a-hf.html;
https://ks-electrica.ru/r-ppg-png-a-frhf.html;
https://ks-electrica.ru/r-ppg-png-a-hf.html;
https://ks-electrica.ru/r-ppgng-a-frhf.html;
https://ks-electrica.ru/r-ppgng-a-hf.html;
https://ks-electrica.ru/r-provod-akusticheskiy.html;
https://ks-electrica.ru/r-stereo.html;
https://ks-electrica.ru/r-shvpm.html;
https://ks-electrica.ru/r-provod-gibkiy.html;
https://ks-electrica.ru/r-pvs.html;
https://ks-electrica.ru/r-pvsng-a-ls.html;
https://ks-electrica.ru/r-pugv.html;
https://ks-electrica.ru/r-rpsh.html;
https://ks-electrica.ru/r-shvvp.html;
https://ks-electrica.ru/r-provod-neizolirovannyy.html;
https://ks-electrica.ru/r-a.html;
https://ks-electrica.ru/r-as.html;
https://ks-electrica.ru/r-provod-odnozhilnyy.html;
https://ks-electrica.ru/r-pgva.html;
https://ks-electrica.ru/r-provod-ploskiy-dlya-vnutrenney-elektroprovodki.html;
https://ks-electrica.ru/r-pvvp.html;
https://ks-electrica.ru/r-pgvvp.html;
https://ks-electrica.ru/r-pugvv-p.html;
https://ks-electrica.ru/r-provod-samonesushchiy-izolirovannyy-dlya-vozdushnykh-liniy-elektroperedachi.html;
https://ks-electrica.ru/r-sip-2.html;
https://ks-electrica.ru/r-sip-3.html;
https://ks-electrica.ru/r-sip-4.html;
https://ks-electrica.ru/r-provod-ustanovochnyy.html;
https://ks-electrica.ru/r-vpp.html;
https://ks-electrica.ru/r-pav.html;
https://ks-electrica.ru/r-pav-apv.html;
https://ks-electrica.ru/r-puv.html;
https://ks-electrica.ru/r-puvng-a-ls.html;
https://ks-electrica.ru/r-pugvng-a-ls.html;
https://ks-electrica.ru/r-rkgm.html;
https://ks-electrica.ru/r-svetilniki.html;
https://ks-electrica.ru/r-lampa-nastolnaya.html;
https://ks-electrica.ru/r-lenta-polosa-svetodiodnaya.html;
https://ks-electrica.ru/r-nochnik.html;
https://ks-electrica.ru/r-osveshchenie-illyuminatsionnoe.html;
https://ks-electrica.ru/r-potolochnyy-nastennyy-svetilnik.html;
https://ks-electrica.ru/r-prozhektor-perenosnoy.html;
https://ks-electrica.ru/r-svetilnik-avariynogo-osveshcheniya.html;
https://ks-electrica.ru/r-svetilnik-vzryvozashchishchennyy-statsionarnyy.html;
https://ks-electrica.ru/r-svetilnik-vstraivaemyy-potolochnyy-i-nastennyy.html;
https://ks-electrica.ru/r-svetilnik-dlya-vstraivaemogo-i-poverkhnostnogo-montazha.html;
https://ks-electrica.ru/r-svetilnik-dlya-vysokikh-proletov.html;
https://ks-electrica.ru/r-svetilnik-dlya-mestnogo-osveshcheniya-stankov.html;
https://ks-electrica.ru/r-svetilnik-dlya-osveshcheniya-ulits-i-ploshchadey.html;
https://ks-electrica.ru/r-svetilnik-dlya-stroyploshchadok.html;
https://ks-electrica.ru/r-svetilnik-lineynyy-reechnogo-tipa.html;
https://ks-electrica.ru/r-svetilnik-nakladnoy-potolochnyy-i-nastennyy.html;
https://ks-electrica.ru/r-svetilnik-napravlennogo-sveta.html;
https://ks-electrica.ru/r-svetilnik-nastenno-potolochnyy.html;
https://ks-electrica.ru/r-svetilnik-perenosnoy.html;
https://ks-electrica.ru/r-svetilnik-podvesnoy.html;
https://ks-electrica.ru/r-svetilnik-pylevlagozashchishchennyy.html;
https://ks-electrica.ru/r-svetilnik-torshernyy-stolbik-svetovoy.html;
https://ks-electrica.ru/r-svetilnik-prozhektor.html;
https://ks-electrica.ru/r-ukazatel-svetovoy.html;
https://ks-electrica.ru/r-fonar-vzryvozashchishchennyy-karmannyy-elektricheskiy.html;
https://ks-electrica.ru/r-fonar-karmannyy-ruchnoy-elektricheskiy.html;
https://ks-electrica.ru/r-lampy.html;
https://ks-electrica.ru/r-lampa-galogennaya-nizkovoltnaya-bez-otrazhatelya.html;
https://ks-electrica.ru/r-lampa-galogennaya-nizkovoltnaya-s-otrazhatelem.html;
https://ks-electrica.ru/r-lampa-galogennaya-setevogo-napryazheniya-bez-otrazhatelya.html;
https://ks-electrica.ru/r-lampa-galogennaya-setevogo-napryazheniya-s-otrazhatelem.html;
https://ks-electrica.ru/r-lampa-indikatornaya-i-signalnaya.html;
https://ks-electrica.ru/r-lampa-lyuminestsentnaya.html;
https://ks-electrica.ru/r-lampa-lyuminestsentnaya-kompaktnaya-integrirovannaya.html;
https://ks-electrica.ru/r-lampa-lyuminestsentnaya-kompaktnaya-neintegrirovannaya.html;
https://ks-electrica.ru/r-lampa-metallogalogennaya.html;
https://ks-electrica.ru/r-lampa-nakalivaniya-v-forme-svechi.html;
https://ks-electrica.ru/r-lampa-nakalivaniya-v-forme-shara.html;
https://ks-electrica.ru/r-lampa-nakalivaniya-zerkalnaya.html;
https://ks-electrica.ru/r-lampa-nakalivaniya-s-otrazhatelem.html;
https://ks-electrica.ru/r-lampa-nakalivaniya-standartnaya.html;
https://ks-electrica.ru/r-lampa-nakalivaniya-tipa-globe.html;
https://ks-electrica.ru/r-lampa-nakalivaniya-trubchataya.html;
https://ks-electrica.ru/r-lampa-natrievaya-vysokogo-davleniya.html;
https://ks-electrica.ru/r-lampa-rtutnaya-vysokogo-davleniya.html;
https://ks-electrica.ru/r-lampa-rtutno-volframovaya-dugovaya.html;
https://ks-electrica.ru/r-lampa-s-infrakrasnym-izlucheniem.html;
https://ks-electrica.ru/r-lampa-s-uf-izlucheniem.html;
https://ks-electrica.ru/r-lampa-svetodiodnaya.html;
https://ks-electrica.ru/r-elektroustanovochnye-izdeliya.html;
https://ks-electrica.ru/r-adapter-perekhodnyy-dlya-elektroustanovochnykh-ustroystv.html;
https://ks-electrica.ru/r-aksessuary-dlya-datchika-dvizheniya.html;
https://ks-electrica.ru/r-aksessuary-dlya-rozetki-vilki-s-zashchitnym-kontaktom-standarta-schuko.html;
https://ks-electrica.ru/r-aksessuary-dlya-elektroustanovochnykh-ustroystv.html;
https://ks-electrica.ru/r-blok-vyklyuchatel-rozetka.html;
https://ks-electrica.ru/r-blok-raspredeleniya-pitaniya-pdu.html;
https://ks-electrica.ru/r-blok-rozetok-udlinitel.html;
https://ks-electrica.ru/r-blok-upravleniya-zhalyuzi.html;
https://ks-electrica.ru/r-vvod-kabelnyy-dlya-elektroustanovochnykh-izdeliy.html;
https://ks-electrica.ru/r-vilka-s-zashchitnym-kontaktom-bytovaya-schuko.html;
https://ks-electrica.ru/r-vstavka-svetyashchayasya-dlya-elektroustanovochnykh-ustroystv.html;
https://ks-electrica.ru/r-vstavka-kryshka-dlya-kommunikatsionnykh-tekhnologiy.html;
https://ks-electrica.ru/r-vyklyuchateli-pereklyuchateli.html;
https://ks-electrica.ru/r-vyklyuchatel-s-elektronnoy-kommutatsiey.html;
https://ks-electrica.ru/r-vyklyuchatel-sumerechnyy-fotorele.html;
https://ks-electrica.ru/r-vyklyuchatel-shnurovoy-dimmer.html;
https://ks-electrica.ru/r-datchik-dvizheniya-komplektnyy.html;
https://ks-electrica.ru/r-derzhatel-dlya-modulnykh-bytovykh-kommutatsionnykh-apparatov.html;
https://ks-electrica.ru/r-dimmer.html;
https://ks-electrica.ru/r-zaglushka-dlya-rozetok-dlya-zashchity-detey.html;
https://ks-electrica.ru/r-knopka-nazhimnaya.html;
https://ks-electrica.ru/r-kontroller-dlya-upravleniya-sistemoy-osveshcheniya.html;
https://ks-electrica.ru/r-korobka-montazhnaya-dlya-podklyucheniya-elektropriborov-elektroplity.html;
https://ks-electrica.ru/r-korpus-nakladnoy-dlya-otkrytogo-montazha-elektroustanovochnykh-ustroystv.html;
https://ks-electrica.ru/r-kryshka-dlya-vyklyuchatelya-knopki-regulyatora-osveshchennosti-dimmera-pereklyuchatelya-zhalyuzi.html;
https://ks-electrica.ru/r-multivstavka-razem-dlya-peredachi-dannykh-i-dlya-podklyucheniya-tekhniki-svyazi.html;
https://ks-electrica.ru/r-nastolnyy-rozetochnyy-blok.html;
https://ks-electrica.ru/r-osnovanie-dlya-otkrytogo-montazha.html;
https://ks-electrica.ru/r-peredatchik-pult-distantsionnogo-upravleniya-dlya-elektroustanovochnykh-ustroystv.html;
https://ks-electrica.ru/r-pereklyuchatel-zhalyuzi.html;
https://ks-electrica.ru/r-pereklyuchatel-knopochnyy-miniatyurnyy.html;
https://ks-electrica.ru/r-pereklyuchatel-trekhstupenchatyy.html;
https://ks-electrica.ru/r-perekhodnik-rozetki-multistandartnyy.html;
https://ks-electrica.ru/r-pole-dlya-markirovki-dlya-elektroustanovochnykh-ustroystv.html;
https://ks-electrica.ru/r-priemnik-radiosignala.html;
https://ks-electrica.ru/r-ramka-dekorativnaya-dlya-elektroustanovochnykh-ustroystv.html;
https://ks-electrica.ru/r-rele-vremeni-mekhanicheskoe-dlya-elektroustanovochnykh-ustroystv.html;
https://ks-electrica.ru/r-rozetka-dlya-elektrobritvy.html;
https://ks-electrica.ru/r-rozetka-s-zazemleniem-standarta-schuko.html;
https://ks-electrica.ru/r-rozetka-silovaya-shtepselnaya.html;
https://ks-electrica.ru/r-rozetka-udlinitelya.html;
https://ks-electrica.ru/r-rozetka-vilka-s-zashchitnym-kontaktom-v-sbore-standarta-schuko.html;
https://ks-electrica.ru/r-signal-svetovoy-informatsionnyy-dlya-elektroustanovochnykh-ustroystv.html;
https://ks-electrica.ru/r-sistema-datchikov-dvizheniya.html;
https://ks-electrica.ru/r-taymer-elektronnyy-dlya-elektroustanovochnykh-ustroystv.html;
https://ks-electrica.ru/r-elektropitanie-usb.html;
https://ks-electrica.ru/r-element-dekorativnyy-dlya-elektroustanovochnykh-ustroystv.html;
https://ks-electrica.ru/r-element-intellektualnogo-upravleniya.html;
https://ks-electrica.ru/r-kabelenesushchie-sistemy.html;
https://ks-electrica.ru/r-aksessuary-dlya-prokladki-kabelya-pitaniya-kabelya-dlya-peredachi-dannykh.html;
https://ks-electrica.ru/r-aksessuary-kabelnykh-lotkov-montazhnye.html;
https://ks-electrica.ru/r-derzhatel-truby-kabelya-kabelenesushchey-sistemy.html;
https://ks-electrica.ru/r-detal-krepezhnaya-dlya-nesushchikh-i-i-profilnykh-reek.html;
https://ks-electrica.ru/r-donnaya-vstavka-dlya-kabelnykh-lotkov-lestnichnogo-tipa.html;
https://ks-electrica.ru/r-zaglushka-dlya-kabelnykh-lotkov.html;
https://ks-electrica.ru/r-zaglushka-dlya-kabelnykh-lotkov-lestnichnogo-tipa.html;
https://ks-electrica.ru/r-zaglushki-nesushchikh-i-profilnykh-reek.html;
https://ks-electrica.ru/r-zazhim-dlya-kryshki-sistemy-podderzhki-kabeley.html;
https://ks-electrica.ru/r-kronshteyn-dlya-kabelnogo-lotka.html;
https://ks-electrica.ru/r-kryshka-dlya-kabelnykh-lotkov.html;
https://ks-electrica.ru/r-kryshka-dopolnitelnogo-troynika-dlya-kabelnykh-lotkov.html;
https://ks-electrica.ru/r-kryshka-krestoviny-krestoobraznoy-sektsii-dlya-kabelnykh-lotkov.html;
https://ks-electrica.ru/r-kryshka-perekhodnika-dlya-kabelnykh-lotkov.html;
https://ks-electrica.ru/r-kryshka-soedinitelya-dlya-kabelnykh-lotkov.html;
https://ks-electrica.ru/r-kryshka-t-obraznoy-sektsii-dlya-kabelnogo-lotka.html;
https://ks-electrica.ru/r-kryshka-ugla-krepleniya-dlya-kabelnykh-lotkov.html;
https://ks-electrica.ru/r-kryshka-uglovoy-sektsii-kabelnykh-lotkov.html;
https://ks-electrica.ru/r-lotok-vertikalnyy-kabelnyy-lestnichnogo-tipa.html;
https://ks-electrica.ru/r-lotok-kabelnyy-lestnichnyy.html;
https://ks-electrica.ru/r-lotok-kabelnyy-listovoy.html;
https://ks-electrica.ru/r-lotok-kabelnyy-provolochnyy.html;
https://ks-electrica.ru/r-nastennyy-i-potolochnyy-kronshteyn-dlya-kabelnogo-lotka.html;
https://ks-electrica.ru/r-nastennyy-kronshteyn-dlya-kabelnykh-lotkov.html;
https://ks-electrica.ru/r-nesushchiy-profil.html;
https://ks-electrica.ru/r-ogranichitel-radiusa-izgiba-kabelya-dlya-lestnichnogo-lotka.html;
https://ks-electrica.ru/r-otvetvlenie-t-obraznoe-dlya-kabelnykh-lotkov.html;
https://ks-electrica.ru/r-otvetvlenie-t-obraznoe-dlya-kabelnykh-lotkov-lestnichnogo-tipa.html;
https://ks-electrica.ru/r-otvod-vertikalnyy-t-obraznyy-dlya-kabelnogo-lotka.html;
https://ks-electrica.ru/r-perekhodnik-dlya-kabelnykh-lotkov.html;
https://ks-electrica.ru/r-plastina-dlya-usileniya-osnovaniya-lotka.html;
https://ks-electrica.ru/r-plastina-montazhnaya-dlya-kabelnogo-lotka.html;
https://ks-electrica.ru/r-potolochnyy-kronshteyn-dlya-sistemy-prokladki-kabelya.html;
https://ks-electrica.ru/r-potolochnyy-profil-dlya-kabelnykh-lotkov.html;
https://ks-electrica.ru/r-profil-dlya-vertikalnogo-kabelnogo-lotka-lestnichnogo-tipa-bokovoy.html;
https://ks-electrica.ru/r-razdelitel-dlya-lotka.html;
https://ks-electrica.ru/r-reyki-profilnye-konstruktsionnye-nesushchie.html;
https://ks-electrica.ru/r-sektsiya-vertikalnaya-uglovaya-dlya-kabelnykh-lotkov.html;
https://ks-electrica.ru/r-sektsiya-vertikalnaya-uglovaya-dlya-kabelnykh-lotkov-lestnichnogo-tipa.html;
https://ks-electrica.ru/r-sektsiya-krestoobraznaya-dlya-kabelnykh-lotkov.html;
https://ks-electrica.ru/r-sektsiya-krestoobraznaya-dlya-kabelnykh-lotkov-lestnichnogo-tipa.html;
https://ks-electrica.ru/r-sektsiya-t-obraznaya-dlya-kabelnogo-lotka.html;
https://ks-electrica.ru/r-sektsiya-t-obraznaya-dlya-kabelnykh-lotkov-lestnichnogo-tipa.html;
https://ks-electrica.ru/r-sektsiya-uglovaya-dlya-kabelnykh-lotkov.html;
https://ks-electrica.ru/r-sektsiya-uglovaya-dlya-kabelnykh-lotkov-lestnichnogo-tipa.html;
https://ks-electrica.ru/r-soedinitel-dlya-kabelnykh-lotkov.html;
https://ks-electrica.ru/r-soedinitel-dlya-nesushchikh-i-i-profilnykh-reek.html;
https://ks-electrica.ru/r-soedinitel-nesushchego-profilya.html;
https://ks-electrica.ru/r-soedinitelnye-detali-dlya-kabelnykh-lotkov.html;
https://ks-electrica.ru/r-traversa-dlya-profilnoy-reyki.html;
https://ks-electrica.ru/r-uglovaya-vstavka-dlya-kabelnykh-lotkov-lestnichnogo-tipa.html;
https://ks-electrica.ru/r-ustroystva-zashchity-plavkie-predokhraniteli-modulnye-ustroystva-montazhnye-ustroystva.html;
https://ks-electrica.ru/r-aksessuary-dlya-nozhevykh-plavkikh-predokhraniteley.html;
https://ks-electrica.ru/r-ampermetry.html;
https://ks-electrica.ru/r-blok-differentsialnogo-toka.html;
https://ks-electrica.ru/r-vilochnyy-predokhranitel.html;
https://ks-electrica.ru/r-voltmetry.html;
https://ks-electrica.ru/r-vstavka-tsilindricheskogo-predokhranitelya.html;
https://ks-electrica.ru/r-vyklyuchatel-avtomaticheskiy-differentsialnogo-toka.html;
https://ks-electrica.ru/r-vyklyuchatel-avtomaticheskiy-differentsialnogo-toka-s-dopolnitelnym-ustroystvom.html;
https://ks-electrica.ru/r-vyklyuchatel-avtomaticheskiy-modulnyy.html;
https://ks-electrica.ru/r-vyklyuchatel-avtomaticheskiy-modulnyy-vintovogo-prisoedineniya.html;
https://ks-electrica.ru/r-vyklyuchatel-avtomaticheskiy-modulnyy-s-dopolnitelnym-ustroystvom.html;
https://ks-electrica.ru/r-vyklyuchatel-sumerechnyy-modulnyy-dlya-raspredelitelnykh-shchitov.html;
https://ks-electrica.ru/r-vyklyuchatel-pereklyuchatel-modulnyy-dlya-raspredelitelnogo-shchita.html;
https://ks-electrica.ru/r-derzhatel-dlya-tsilindricheskikh-predokhraniteley.html;
https://ks-electrica.ru/r-derzhatel-nizkovoltnogo-nozhevogo-plavkogo-predokhranitelya.html;
https://ks-electrica.ru/r-zvonkovyy-transformator.html;
https://ks-electrica.ru/r-zvonok-modulnyy-dlya-raspredelitelnykh-shchitov.html;
https://ks-electrica.ru/r-izmeritelnaya-shkala-dlya-priborov.html;
https://ks-electrica.ru/r-indikator-svetovoy-modulnyy-dlya-raspredelitelnykh-shchitov.html;
https://ks-electrica.ru/r-knopka-modulnaya-dlya-raspredelitelnykh-shchitov.html;
https://ks-electrica.ru/r-kommutatsionnoe-rele.html;
https://ks-electrica.ru/r-kontakt-dopolnitelnyy-dlya-modulnykh-ustroystv.html;
https://ks-electrica.ru/r-markirovochnyy-material.html;
https://ks-electrica.ru/r-miniatyurnyy-plavkiy-predokhranitel.html;
https://ks-electrica.ru/r-mnogofunktsionalnyy-izmeritelnyy-pribor.html;
https://ks-electrica.ru/r-osnovanie-dlya-tsilindricheskogo-predokhranitelya.html;
https://ks-electrica.ru/r-plavkiy-predokhranitel-nizkovoltnyy-nozhevoy.html;
https://ks-electrica.ru/r-puskatel-magnitnyy-modulnyy-dlya-raspredelitelnykh-shchitov.html;
https://ks-electrica.ru/r-regulyator-temperatury-modulnyy-dlya-raspredelitelnykh-shchitov.html;
https://ks-electrica.ru/r-rele-vremeni-analogovoe.html;
https://ks-electrica.ru/r-rele-vremeni-modulnoe-dlya-raspredelitelnykh-shchitov.html;
https://ks-electrica.ru/r-rele-vremeni-tsifrovoe.html;
https://ks-electrica.ru/r-rele-impulsnoe.html;
https://ks-electrica.ru/r-rozetka-modulnaya-dlya-raspredelitelnykh-shchitov.html;
https://ks-electrica.ru/r-rozetochnyy-taymer.html;
https://ks-electrica.ru/r-schetchik-impulsov-modulnyy.html;
https://ks-electrica.ru/r-taymer-lestnichnogo-osveshcheniya.html;
https://ks-electrica.ru/r-ustroystvo-blokirovki-dlya-modulnykh-vyklyuchateley.html;
https://ks-electrica.ru/r-ustroystvo-zashchitnogo-otklyucheniya-uzo.html;
https://ks-electrica.ru/r-oborudovanie-nizkovoltnoe.html;
https://ks-electrica.ru/r-adapter-dlya-ustroystv-upravleniya-i-signalizatsii.html;
https://ks-electrica.ru/r-aksessuary-dlya-apparata-tsepi-upravleniya.html;
https://ks-electrica.ru/r-aksessuary-dlya-vyklyuchatelya-avariynoy-ostanovki-s-trosovym-privodom.html;
https://ks-electrica.ru/r-aksessuary-dlya-nizkovoltnykh-kommutatsionnykh-apparatov.html;
https://ks-electrica.ru/r-aksessuary-dlya-regulyatora-chastoty.html;
https://ks-electrica.ru/r-aksessuary-dlya-ustroystva-zashchity-ot-peregruzki.html;
https://ks-electrica.ru/r-armatura-svetosignalnaya.html;
https://ks-electrica.ru/r-blok-liniya-razedinitel-predokhranitel.html;
https://ks-electrica.ru/r-blokirovka-mekhanicheskaya-dlya-vyklyuchatelya.html;
https://ks-electrica.ru/r-val-rukoyatki-dlya-vyklyuchatelya.html;
https://ks-electrica.ru/r-vyklyuchatel-avariynoy-ostanovki-s-trosovym-privodom.html;
https://ks-electrica.ru/r-vyklyuchatel-avtomaticheskiy-dlya-zashchity-dvigatelya.html;
https://ks-electrica.ru/r-vyklyuchatel-avtomaticheskiy-silovoy.html;
https://ks-electrica.ru/r-vyklyuchatel-nagruzki.html;
https://ks-electrica.ru/r-vyklyuchatel-pedalnyy.html;
https://ks-electrica.ru/r-vyklyuchatel-pedalnyy-nazhimnoy.html;
https://ks-electrica.ru/r-vyklyuchatel-razedinitel.html;
https://ks-electrica.ru/r-vyklyuchatel-dzhoystik.html;
https://ks-electrica.ru/r-grebenka-raspredelitelnaya.html;
https://ks-electrica.ru/r-derzhatel-markirovochnoy-plastiny-apparata-dlya-tsepi-upravleniya.html;
https://ks-electrica.ru/r-drossel-dlya-nizkovoltnykh-ustroystv.html;
https://ks-electrica.ru/r-zaglushka-dlya-ustroystv-upravleniya-i-signalizatsii.html;
https://ks-electrica.ru/r-zashchita-ot-perenapryazheniya.html;
https://ks-electrica.ru/r-zashchitnyy-kolpachok-kryshka-dlya-ustroystv-upravleniya-i-signalizatsii.html;
https://ks-electrica.ru/r-zummer.html;
https://ks-electrica.ru/r-izolyatory-nizkovoltnye.html;
https://ks-electrica.ru/r-instrument-montazhnyy-dlya-ustroystv-upravleniya-i-signalizatsii.html;
https://ks-electrica.ru/r-istochnik-pitaniya-peremennogo-toka.html;
https://ks-electrica.ru/r-istochnik-pitaniya-peremennogo-postoyannogo-toka-universalnyy.html;
https://ks-electrica.ru/r-istochnik-pitaniya-postoyannogo-toka.html;
https://ks-electrica.ru/r-katushka-upravleniya-puskatelya-kontaktora.html;
https://ks-electrica.ru/r-katushka-filtra-dlya-nizkovoltnykh-ustroystv.html;
https://ks-electrica.ru/r-klemma-shinnaya.html;
https://ks-electrica.ru/r-knopka-avariynogo-otklyucheniya-v-sbore.html;
https://ks-electrica.ru/r-knopka-nazhimnaya-v-sbore.html;
https://ks-electrica.ru/r-kolonna-signalnaya-v-sbore.html;
https://ks-electrica.ru/r-kombinirovannyy-puskatel-s-elektronnym-blokom-upravleniya.html;
https://ks-electrica.ru/r-komplekt-dlya-modernizatsii-silovogo-avtomaticheskogo-vyklyuchatelya.html;
https://ks-electrica.ru/r-komplekt-provodki-podklyucheniya-dlya-silovogo-vyklyuchatelya.html;
https://ks-electrica.ru/r-komplekt-rasshiritelnykh-vyvodov.html;
https://ks-electrica.ru/r-kontakt-avtomaticheskogo-vyklyuchatelya-dopolnitelnyy.html;
https://ks-electrica.ru/r-kontakt-vspomogatelnyy.html;
https://ks-electrica.ru/r-kontaktor-magnitnyy-puskatel-dlya-kondensatorov.html;
https://ks-electrica.ru/r-kontaktor-magnitnyy-puskatel-silovoe-rele-peremennogo-toka-as.html;
https://ks-electrica.ru/r-kontaktornoe-rele.html;
https://ks-electrica.ru/r-korpus-dlya-avtomaticheskogo-vyklyuchatelya-zashchity-dvigatelya.html;
https://ks-electrica.ru/r-korpus-dlya-podvesnogo-pulta-upravleniya.html;
https://ks-electrica.ru/r-korpus-postov-dlya-ustanovki-apparatov-upravleniya-i-signalizatsii.html;
https://ks-electrica.ru/r-lampoderzhatel-dlya-apparatov-kontrolya-i-signalizatsii.html;
https://ks-electrica.ru/r-modul-zashchity-ot-perenapryazheniya.html;
https://ks-electrica.ru/r-modul-rasshireniya-dlya-ustroystva-upravleniya-i-zashchity-dvigatelya.html;
https://ks-electrica.ru/r-modul-signalnoy-kolonny-opticheskiy.html;
https://ks-electrica.ru/r-modul-soedinyayushchiy-dlya-signalnoy-kolonny.html;
https://ks-electrica.ru/r-modul-usilitelya-dlya-kontaktorov.html;
https://ks-electrica.ru/r-nazhimnaya-poverkhnost-apparata-kontrolya-i-signalizatsii-dlya-tsepi-upravleniya.html;
https://ks-electrica.ru/r-ogranichitel-toka.html;
https://ks-electrica.ru/r-panel-upravleniya-dlya-ustroystva-upravleniya-i-zashchity-dvigatelya-zashchitnogo-i-upravlyayushcheg.html;
https://ks-electrica.ru/r-perednyaya-chast-golovka-nazhimnoy-knopki.html;
https://ks-electrica.ru/r-pereklyuchatel-ampermetra.html;
https://ks-electrica.ru/r-pereklyuchatel-voltmetra.html;
https://ks-electrica.ru/r-pereklyuchatel-dlya-tsepi-upravleniya-paketnyy.html;
https://ks-electrica.ru/r-perekhodnik-na-din-reyku.html;
https://ks-electrica.ru/r-podstavka-dlya-signalnoy-kolonny-s-trubkoy.html;
https://ks-electrica.ru/r-post-knopochnyy-v-sbore.html;
https://ks-electrica.ru/r-potentsiometr-dlya-apparata-tsepi-upravleniya.html;
https://ks-electrica.ru/r-predokhranitel-vyklyuchatel-razedinitel.html;
https://ks-electrica.ru/r-preobrazovatel-chastoty-nizkovoltnyy-do-1-kv.html;
https://ks-electrica.ru/r-privod-dlya-silovykh-avtomaticheskikh-vyklyuchateley-elektricheskiy.html;
https://ks-electrica.ru/r-pult-podvesnoy-upravleniya-v-sbore.html;
https://ks-electrica.ru/r-puskatel-magnitnyy-reversivnyy.html;
https://ks-electrica.ru/r-razdelitel-faz-dlya-avtomaticheskikh-vyklyuchateley.html;
https://ks-electrica.ru/r-raspredelitelnyy-klemmnyy-blok.html;
https://ks-electrica.ru/r-rastsepitel-dlya-silovykh-vyklyuchateley.html;
https://ks-electrica.ru/r-rastsepitel-minimalnogo-napryazheniya.html;
https://ks-electrica.ru/r-rastsepitel-minimalnogo-napryazheniya-s-vyderzhkoy-vremeni.html;
https://ks-electrica.ru/r-rastsepitel-nezavisimyy.html;
https://ks-electrica.ru/r-rele-davleniya.html;
https://ks-electrica.ru/r-rele-kontrolya-temperatury-termistornoe-rele.html;
https://ks-electrica.ru/r-rele-teplovoe.html;
https://ks-electrica.ru/r-rele-elektronnoe-zashchity-ot-peregruzki.html;
https://ks-electrica.ru/r-rukoyatka-upravleniya-silovym-avtomaticheskim-vyklyuchatelem.html;
https://ks-electrica.ru/r-rukoyatka-upravleniya-silovym-kommutatsionnym-apparatom.html;
https://ks-electrica.ru/r-stabilizatory-napryazheniya.html;
https://ks-electrica.ru/r-transformator-odnofaznyy-silovoy-nizkovoltnyy.html;
https://ks-electrica.ru/r-transformator-toka.html;
https://ks-electrica.ru/r-transformator-trekhfaznyy-silovoy-nizkovoltnyy.html;
https://ks-electrica.ru/r-trubka-dlya-signalnoy-kolonny.html;
https://ks-electrica.ru/r-upravlyayushchiy-pereklyuchatel-v-sbore.html;
https://ks-electrica.ru/r-ustroystvo-plavnogo-puska.html;
https://ks-electrica.ru/r-ustroystvo-upravleniya-i-zashchity-dvigatelya-elektronnoe.html;
https://ks-electrica.ru/r-shassi-silovogo-avtomaticheskogo-vyklyuchatelya.html;
https://ks-electrica.ru/r-shildik-plastinka-markirovochnaya-dlya-ustroystv-upravleniya.html;
https://ks-electrica.ru/r-shina-sbornaya.html;
https://ks-electrica.ru/r-elektromagnit-privoda-silovogo-avtomaticheskogo-vyklyuchatelya.html;
https://ks-electrica.ru/r-element-peredniy-dlya-gribovidnoy-knopki.html;
https://ks-electrica.ru/r-element-peredniy-pereklyuchatelya.html;
https://ks-electrica.ru/r-element-peredniy-svetovogo-indikatora.html;
https://ks-electrica.ru/r-yashchik-s-rubilnikom-i-predokhranitelem.html;
https://ks-electrica.ru/r-elektricheskie-raspredelitelnye-sistemy-v-tom-chisle-elektroustanovochnoe-oborudovanie.html;
https://ks-electrica.ru/r-aksessuary-dlya-nebolshikh-raspredelitelnykh-paneley.html;
https://ks-electrica.ru/r-zaglushka-dlya-raspredelitelnykh-shchitkov.html;
https://ks-electrica.ru/r-korpus-pustotelyy.html;
https://ks-electrica.ru/r-kryshka-moduley-dlya-izmeritelnykh-raspredelitelnykh-shchitkov.html;
https://ks-electrica.ru/r-malogabaritnyy-raspredelitelnyy-shchitok-v-sbore.html;
https://ks-electrica.ru/r-panel-vvoda-dlya-malogabaritnogo-korpusa-shchita.html;
https://ks-electrica.ru/r-panel-dlya-salnikov-vvodnykh-shchitkov.html;
https://ks-electrica.ru/r-panel-montazhnaya-dlya-raspredelitelnykh-shchitkov.html;
https://ks-electrica.ru/r-raspredelitelnyy-shchitok-dlya-stroyploshchadki.html;
https://ks-electrica.ru/r-shchitok-raspredelitelnyy-malogabaritnyy.html;
https://ks-electrica.ru/r-shchitok-ucheta-pustotelyy.html;
https://ks-electrica.ru/r-aksessuary-dlya-elektroinstrumentov.html;
https://ks-electrica.ru/r-aksessuary-dlya-moyki-vysokogo-davleniya.html;
https://ks-electrica.ru/r-antenny-i-sputnikovye-tekhnologii.html;
https://ks-electrica.ru/r-diplekser-summator-razdelitelnyy-filtr.html;
https://ks-electrica.ru/r-komnatnaya-antenna.html;
https://ks-electrica.ru/r-nazemnye-antenny.html;
https://ks-electrica.ru/r-otvetvitel-i-razvetvitel.html;
https://ks-electrica.ru/r-rozetka-antennaya-tv.html;
https://ks-electrica.ru/r-apparatura-puskoreguliruyushchaya.html;
https://ks-electrica.ru/r-apparat-puskoreguliruyushchiy.html;
https://ks-electrica.ru/r-apparat-puskoreguliruyushchiy-elektronnyy-dlya-gazorazryadnykh-lamp.html;
https://ks-electrica.ru/r-ballast.html;
https://ks-electrica.ru/r-drayver-svetodiodnyy.html;
https://ks-electrica.ru/r-komponent-sistemy-upravleniya-osveshcheniem.html;
https://ks-electrica.ru/r-kondensator.html;
https://ks-electrica.ru/r-starter-impulsno-zazhigayushchee-ustroystvo-izu.html;
https://ks-electrica.ru/r-transformator-vysokovoltnogo-rozzhiga.html;
https://ks-electrica.ru/r-transformator-dlya-nizkovoltnoy-sistemy-osveshcheniya-nizkovoltnoy-galogennoy-lampy-nakalivaniya.html;
https://ks-electrica.ru/r-armatura-kabelnaya-izolyatsionnye-materialy.html;
https://ks-electrica.ru/r-gilza-soedinitelnaya-dlya-alyuminievykh-provodnikov-pod-opressovku.html;
https://ks-electrica.ru/r-gilza-soedinitelnaya-dlya-mednykh-provodnikov-pod-opressovku.html;
https://ks-electrica.ru/r-gilza-soedinitelnaya-obzhimnaya.html;
https://ks-electrica.ru/r-gilza-soedinitelnaya-so-sryvnymi-boltami.html;
https://ks-electrica.ru/r-gilza-termousadochnaya-obzhimnaya.html;
https://ks-electrica.ru/r-zaglushka-termousadochnaya-kontsevaya.html;
https://ks-electrica.ru/r-zazhim-soedinitelnyy-otvetvitelnyy.html;
https://ks-electrica.ru/r-kolpachok-termousadochnyy-razema.html;
https://ks-electrica.ru/r-mastika-kabelnaya.html;
https://ks-electrica.ru/r-mufta-kabelnaya-kontsevaya.html;
https://ks-electrica.ru/r-mufta-kabelnaya-soedinitelnaya.html;
https://ks-electrica.ru/r-nakonechnik-bystrorazmykaemyy.html;
https://ks-electrica.ru/r-nakonechnik-kabelnyy-so-sryvnymi-boltami.html;
https://ks-electrica.ru/r-nakonechnik-kabelnyy-trubchatyy-dlya-mednykh-provodnikov.html;
https://ks-electrica.ru/r-nakonechnik-obzhimnoy-kabelnyy-dlya-alyuminievykh-provodnikov.html;
https://ks-electrica.ru/r-nakonechnik-obzhimnoy-kabelnyy-dlya-mednykh-provodnikov.html;
https://ks-electrica.ru/r-nakonechnik-obzhimnoy-kabelnyy-dlya-mednykh-provodnikov-v-sootvetstvii-s-din-46236.html;
https://ks-electrica.ru/r-nakonechnik-gilza-dlya-mednykh-provodnikov.html;
https://ks-electrica.ru/r-pruzhina-postoyannogo-davleniya.html;
https://ks-electrica.ru/r-razem-slabotochnyy.html;
https://ks-electrica.ru/r-szhim-otvetvitelnyy-otvetvitel.html;
https://ks-electrica.ru/r-sistema-markirovki-kabelya.html;
https://ks-electrica.ru/r-skotch-i-izolyatsionnaya-lenta.html;
https://ks-electrica.ru/r-sprey.html;
https://ks-electrica.ru/r-trubka-termousadochnaya.html;
https://ks-electrica.ru/r-trubki-izolyatsionnye-kembriki.html;
https://ks-electrica.ru/r-yashchik-dlya-khraneniya-instrumenta-i-termousadochnykh-trubok.html;
https://ks-electrica.ru/r-batareyki-akkumulyatory-zaryadnye-ustroystva.html;
https://ks-electrica.ru/r-batareya-akkumulyatornaya.html;
https://ks-electrica.ru/r-blok-pitaniya-setevoy-dlya-bytovoy-elektroniki.html;
https://ks-electrica.ru/r-galvanicheskiy-element.html;
https://ks-electrica.ru/r-setevoy-shnur-pitaniya.html;
https://ks-electrica.ru/r-universalnoe-zaryadnoe-ustroystvo.html;
https://ks-electrica.ru/r-bytovaya-tekhnika-krupnaya.html;
https://ks-electrica.ru/r-mikrovolnovaya-pech-svch.html;
https://ks-electrica.ru/r-bytovaya-tekhnika-melkaya.html;
https://ks-electrica.ru/r-aksessuary-dlya-melkoy-bytovoy-tekhniki.html;
https://ks-electrica.ru/r-aksessuary-dlya-ukhoda-za-polom-i-sistem-pyleudaleniya.html;
https://ks-electrica.ru/r-ventilyator.html;
https://ks-electrica.ru/r-vesy.html;
https://ks-electrica.ru/r-gladilnoe-oborudovanie.html;
https://ks-electrica.ru/r-izmelchitel-rubilka.html;
https://ks-electrica.ru/r-kofemashina.html;
https://ks-electrica.ru/r-kofemashina-espresso.html;
https://ks-electrica.ru/r-kofemolka.html;
https://ks-electrica.ru/r-kukhonnye-vesy.html;
https://ks-electrica.ru/r-mashinki-dlya-strizhki-volos.html;
https://ks-electrica.ru/r-mikser-blender.html;
https://ks-electrica.ru/r-myasorubka.html;
https://ks-electrica.ru/r-nastolnaya-dukhovka-pech-gril.html;
https://ks-electrica.ru/r-pribor-po-ukhodu-za-telom.html;
https://ks-electrica.ru/r-pylesos.html;
https://ks-electrica.ru/r-sokovyzhimalka.html;
https://ks-electrica.ru/r-sublimator-dlya-produktov.html;
https://ks-electrica.ru/r-toster.html;
https://ks-electrica.ru/r-ustroystvo-zashchity-ot-zhivotnykh-nasekomykh.html;
https://ks-electrica.ru/r-fen-dlya-volos.html;
https://ks-electrica.ru/r-khlebopechka.html;
https://ks-electrica.ru/r-elektricheskaya-plitka.html;
https://ks-electrica.ru/r-elektricheskie-bigudi-ployki.html;
https://ks-electrica.ru/r-elektricheskiy-gril.html;
https://ks-electrica.ru/r-elektricheskiy-chaynik.html;
https://ks-electrica.ru/r-elektricheskoe-odeyalo-grelka-obogrevatel-dlya-nog.html;
https://ks-electrica.ru/r-bytovaya-elektronika.html;
https://ks-electrica.ru/r-kronshteyn-dlya-audio-i-video-sistem.html;
https://ks-electrica.ru/r-mikrofon.html;
https://ks-electrica.ru/r-pult-distantsionnogo-upravleniya.html;
https://ks-electrica.ru/r-tsifrovoy-nositel-informatsii.html;
https://ks-electrica.ru/r-vilki-rozetki-i-ustroystva-promyshlennye-i-spetsialnye.html;
https://ks-electrica.ru/r-aksessuary-dlya-shtepselnykh-razemov-cee.html;
https://ks-electrica.ru/r-blok-rozetok-standarta-cee.html;
https://ks-electrica.ru/r-vilka-standarta-cee-kabelnaya.html;
https://ks-electrica.ru/r-vilka-standarta-cee-nakladnogo-montazha.html;
https://ks-electrica.ru/r-zaryadnoe-ustroystvo-dlya-elektrotransporta.html;
https://ks-electrica.ru/r-zaryadnyy-kabel-dlya-elektrotransporta.html;
https://ks-electrica.ru/r-razem-shtepselnyy-kruglyy-silovoy.html;
https://ks-electrica.ru/r-rozetka-vstroennaya-standarta-cee.html;
https://ks-electrica.ru/r-rozetka-standarta-see-kabelnaya.html;
https://ks-electrica.ru/r-rozetka-standarta-see-nakladnogo-montazha.html;
https://ks-electrica.ru/r-rozetka-standarta-see-s-vyklyuchatelem-s-predokhranitelem.html;
https://ks-electrica.ru/r-ustroystvo-blokirovochnoe-dlya-vilki-standarta-cee.html;
https://ks-electrica.ru/r-vodonagrevateli.html;
https://ks-electrica.ru/r-elektricheskiy-nagrevatelnyy-element-dlya-vodonagrevatelya.html;
https://ks-electrica.ru/r-datchiki-sensory.html;
https://ks-electrica.ru/r-aksessuary-dlya-pozitsionnogo-vyklyuchatelya.html;
https://ks-electrica.ru/r-barer-otrazhennogo-sveta.html;
https://ks-electrica.ru/r-vyklyuchatel-kontsevoy.html;
https://ks-electrica.ru/r-vyklyuchatel-s-blokirovkoy-pozitsionnyy.html;
https://ks-electrica.ru/r-datchik-lyuminestsentnosti.html;
https://ks-electrica.ru/r-datchik-priblizheniya-induktivnyy.html;
https://ks-electrica.ru/r-datchik-temperatury.html;
https://ks-electrica.ru/r-datchik-fotoelektricheskiy.html;
https://ks-electrica.ru/r-odnonapravlennyy-svetovoy-barer.html;
https://ks-electrica.ru/r-otrazhatel-dlya-svetovogo-barera.html;
https://ks-electrica.ru/r-passivnyy-interfeys-datchika-privoda.html;
https://ks-electrica.ru/r-pozitsionnyy-vyklyuchatel-s-otdelnym-privodom.html;
https://ks-electrica.ru/r-privod-dlya-pozitsionnogo-pereklyuchatelya-s-razdelnym-privodom.html;
https://ks-electrica.ru/r-privodnaya-golovka-dlya-pozitsionnogo-pereklyuchatelya-pereklyuchatelya-s-sharnirom.html;
https://ks-electrica.ru/r-termorele.html;
https://ks-electrica.ru/r-ultrazvukovoy-skaner.html;
https://ks-electrica.ru/r-shnur-soedinitelnyy-dlya-datchika-privoda.html;
https://ks-electrica.ru/r-dvigateli-vorot-rolstaven-nasosy-ventilyatory.html;
https://ks-electrica.ru/r-aksessuary-dlya-sistemy-ventilyatsii.html;
https://ks-electrica.ru/r-ventilyator-dlya-montazha-v-trubakh.html;
https://ks-electrica.ru/r-vnutrenniy-ventilyator-dlya-vannykh-komnat-i-kukhon.html;
https://ks-electrica.ru/r-nasos.html;
https://ks-electrica.ru/r-retsirkulyatsionnyy-ventilyator.html;
https://ks-electrica.ru/r-elektrodvigatel.html;
https://ks-electrica.ru/r-izdeliya-krepezhnye.html;
https://ks-electrica.ru/r-anker-boltovoy.html;
https://ks-electrica.ru/r-anker-zabivnoy.html;
https://ks-electrica.ru/r-anker-klinovoy.html;
https://ks-electrica.ru/r-anker-sterzhnevoy.html;
https://ks-electrica.ru/r-bolt-ankernyy.html;
https://ks-electrica.ru/r-bolt-s-polukrugloy-golovkoy-i-kvadratnym-podgolovkom.html;
https://ks-electrica.ru/r-bolt-s-t-obraznoy-golovkoy.html;
https://ks-electrica.ru/r-bolt-s-shestigrannoy-golovkoy.html;
https://ks-electrica.ru/r-vint-dlya-pnevmaticheskoy-otvertki.html;
https://ks-electrica.ru/r-vint-dlya-rozetki.html;
https://ks-electrica.ru/r-vint-s-koltsom.html;
https://ks-electrica.ru/r-vint-s-nakatannoy-golovkoy.html;
https://ks-electrica.ru/r-vint-samonarezayushchiy.html;
https://ks-electrica.ru/r-vtulka-izoliruyushchaya.html;
https://ks-electrica.ru/r-gayka-barashkovaya.html;
https://ks-electrica.ru/r-gayka-dlinnaya.html;
https://ks-electrica.ru/r-gayka-zakladnaya.html;
https://ks-electrica.ru/r-gayka-kvadratnaya.html;
https://ks-electrica.ru/r-gayka-kolpachkovaya.html;
https://ks-electrica.ru/r-gayka-montazhnaya-kvadratnaya.html;
https://ks-electrica.ru/r-gayka-skolzyashchaya.html;
https://ks-electrica.ru/r-gayka-skorostnaya.html;
https://ks-electrica.ru/r-gayka-stopornaya.html;
https://ks-electrica.ru/r-gayka-shestigrannaya.html;
https://ks-electrica.ru/r-germetik-montazhnaya-pena.html;
https://ks-electrica.ru/r-dyubel-dlya-polykh-sten.html;
https://ks-electrica.ru/r-dyubel-rezbovoy.html;
https://ks-electrica.ru/r-dyubel-universalnyy-vstavka.html;
https://ks-electrica.ru/r-dyubel-gvozd.html;
https://ks-electrica.ru/r-zaklepka-zakladnaya.html;
https://ks-electrica.ru/r-zveno-tsepi-soedinitelnoe.html;
https://ks-electrica.ru/r-kanat-verevka.html;
https://ks-electrica.ru/r-karabin.html;
https://ks-electrica.ru/r-kley.html;
https://ks-electrica.ru/r-kronshteyn-dlya-kabelya.html;
https://ks-electrica.ru/r-kryuk-s-obraznyy.html;
https://ks-electrica.ru/r-kryuk-ankernyy.html;
https://ks-electrica.ru/r-kryuk-gruzopodemnyy.html;
https://ks-electrica.ru/r-kryuk-s-vintom.html;
https://ks-electrica.ru/r-lenta-montazhnaya.html;
https://ks-electrica.ru/r-navinchivayushchiysya-kolpachok.html;
https://ks-electrica.ru/r-osnovanie-montazhnoe-dlya-kabelnykh-styazhek-i-elementov.html;
https://ks-electrica.ru/r-rastvoritel.html;
https://ks-electrica.ru/r-rym-bolt.html;
https://ks-electrica.ru/r-rym-bolt-s-rezboy-po-derevu.html;
https://ks-electrica.ru/r-rym-gayka.html;
https://ks-electrica.ru/r-samorez.html;
https://ks-electrica.ru/r-samorez-po-derevu.html;
https://ks-electrica.ru/r-samorez-po-metallu.html;
https://ks-electrica.ru/r-skoba-takelazhnaya-shakl.html;
https://ks-electrica.ru/r-sterzhen-rezbovoy.html;
https://ks-electrica.ru/r-universalnaya-trossovaya-podveska.html;
https://ks-electrica.ru/r-khomut-kabelnyy-styazhka.html;
https://ks-electrica.ru/r-khomut-rezbovoy-j-obraznoy-formy-stremyanka.html;
https://ks-electrica.ru/r-khomut-rezbovoy-u-obraznoy-formy-stremyanka.html;
https://ks-electrica.ru/r-tsep.html;
https://ks-electrica.ru/r-shayba.html;
https://ks-electrica.ru/r-shayba-pruzhinnaya-zubchataya.html;
https://ks-electrica.ru/r-shayba-stopornaya-s-lapkoy.html;
https://ks-electrica.ru/r-shpilka-rezbovaya.html;
https://ks-electrica.ru/r-shtift-s-rezboy.html;
https://ks-electrica.ru/r-shurup-po-derevu-s-shestigrannoy-golovkoy.html;
https://ks-electrica.ru/r-yashchik-s-naborom-metizov.html;
https://ks-electrica.ru/r-izdeliya-montazhnye-dlya-kommunikatsionnykh-setey.html;
https://ks-electrica.ru/r-d-sub-razem.html;
https://ks-electrica.ru/r-adapter-dlya-sistemy-svyazi.html;
https://ks-electrica.ru/r-aksessuary-dlya-ibp.html;
https://ks-electrica.ru/r-besprovodnoy-setevoy-adapter.html;
https://ks-electrica.ru/r-volokonno-opticheskaya-kommutatsionnaya-panel.html;
https://ks-electrica.ru/r-zashchita-kabelya-ot-peregiba.html;
https://ks-electrica.ru/r-zashchita-mest-soedineniya.html;
https://ks-electrica.ru/r-istochnik-bespereboynogo-pitaniya-ibp.html;
https://ks-electrica.ru/r-kabel-kompyuternyy.html;
https://ks-electrica.ru/r-kabel-soedinitelnyy-mednyy-vitaya-para.html;
https://ks-electrica.ru/r-koaksialnaya-soedinitelnaya-mufta.html;
https://ks-electrica.ru/r-mnogofunktsionalnaya-kommunikatsionnaya-korobka.html;
https://ks-electrica.ru/r-modem.html;
https://ks-electrica.ru/r-mufta-soedinitelnaya-modulnaya.html;
https://ks-electrica.ru/r-opticheskaya-mufta.html;
https://ks-electrica.ru/r-optovolokonnyy-montazhnyy-shnur.html;
https://ks-electrica.ru/r-optovolokonnyy-soedinitelnyy-kabel.html;
https://ks-electrica.ru/r-panel-kommutatsionnaya-mednaya.html;
https://ks-electrica.ru/r-panel-kommutatsionnaya-sistemnaya-mednaya-vitaya-para.html;
https://ks-electrica.ru/r-perekhodnik-kabelnyy.html;
https://ks-electrica.ru/r-preobrazovatel-interfeysa.html;
https://ks-electrica.ru/r-pylezashchitnyy-kolpachok-dlya-razemov.html;
https://ks-electrica.ru/r-razem-modulnyy.html;
https://ks-electrica.ru/r-razem-shteker-koaksialnyy.html;
https://ks-electrica.ru/r-rozetka-mednaya-kommunikatsionnaya-vitaya-para.html;
https://ks-electrica.ru/r-setevoy-adapter.html;
https://ks-electrica.ru/r-setevoy-kommutator.html;
https://ks-electrica.ru/r-setevoy-marshrutizator.html;
https://ks-electrica.ru/r-setevoy-retranslyator.html;
https://ks-electrica.ru/r-soedinitelnaya-kasseta.html;
https://ks-electrica.ru/r-telekommunikatsionnyy-razem.html;
https://ks-electrica.ru/r-telekommunikatsonnyy-soedinitelnyy-kabel.html;
https://ks-electrica.ru/r-instrument-ruchnoy.html;
https://ks-electrica.ru/r-aksessuary-zapchasti-dlya-dyrokola-perforatora.html;
https://ks-electrica.ru/r-bit-dlya-krestoobraznykh-vintov.html;
https://ks-electrica.ru/r-blok-dlya-podemnika.html;
https://ks-electrica.ru/r-boltorez.html;
https://ks-electrica.ru/r-derzhatel-dlya-bit.html;
https://ks-electrica.ru/r-dinamometricheskiy-klyuch.html;
https://ks-electrica.ru/r-zabor-ograzhdenie.html;
https://ks-electrica.ru/r-zaklepochnik-ruchnoy.html;
https://ks-electrica.ru/r-instrument-montazhnyy-dlya-kabelnykh-styazhek.html;
https://ks-electrica.ru/r-kabelnyy-chulok.html;
https://ks-electrica.ru/r-kleshchi-dlya-zachistki-provodov.html;
https://ks-electrica.ru/r-kleshchi-obzhimnye.html;
https://ks-electrica.ru/r-kleshchi-obzhimnye-telefonnye.html;
https://ks-electrica.ru/r-klyuch-gaechnyy.html;
https://ks-electrica.ru/r-klyuch-kobra-perestavnoy.html;
https://ks-electrica.ru/r-klyuch-kombinirovannyy-gaechnyy.html;
https://ks-electrica.ru/r-kruglogubtsy.html;
https://ks-electrica.ru/r-kusachki-bokorezy.html;
https://ks-electrica.ru/r-lazernyy-izmeritelnyy-pribor.html;
https://ks-electrica.ru/r-lebedka-ruchnaya.html;
https://ks-electrica.ru/r-lezvie-nozha-zamenyaemoe.html;
https://ks-electrica.ru/r-marker.html;
https://ks-electrica.ru/r-markirovochnaya-lenta.html;
https://ks-electrica.ru/r-maslenka.html;
https://ks-electrica.ru/r-nabor-bit.html;
https://ks-electrica.ru/r-nabor-dlya-poliva-sada.html;
https://ks-electrica.ru/r-nabor-instrumentov.html;
https://ks-electrica.ru/r-nabor-klyuchey.html;
https://ks-electrica.ru/r-nabor-otvertok.html;
https://ks-electrica.ru/r-nabor-shestigrannykh-klyuchey.html;
https://ks-electrica.ru/r-navesnoy-zamok.html;
https://ks-electrica.ru/r-nozhnitsy.html;
https://ks-electrica.ru/r-nozhnitsy-po-metallu.html;
https://ks-electrica.ru/r-nozhovka.html;
https://ks-electrica.ru/r-otvertka-krestovaya.html;
https://ks-electrica.ru/r-otvertka-s-shestigrannikom.html;
https://ks-electrica.ru/r-otvertka-shlitsevaya.html;
https://ks-electrica.ru/r-passatizhi.html;
https://ks-electrica.ru/r-perestavnye-ploskogubtsy.html;
https://ks-electrica.ru/r-pistolet-dlya-kartridzhey.html;
https://ks-electrica.ru/r-plombirovochnaya-provoloka.html;
https://ks-electrica.ru/r-podemnyy-domkrat.html;
https://ks-electrica.ru/r-poyas-dlya-instrumentov.html;
https://ks-electrica.ru/r-razmatyvayushchee-ustroystvo-dlya-katushek-s-kabelem-stanki-kabelnye.html;
https://ks-electrica.ru/r-raspylitel-sadovogo-shlanga.html;
https://ks-electrica.ru/r-reversivnaya-treshchotka.html;
https://ks-electrica.ru/r-rukoyatki-dlya-sema-predokhraniteley.html;
https://ks-electrica.ru/r-ruletka.html;
https://ks-electrica.ru/r-ruchnye-vysechnye-nozhnitsy-po-listovomu-metallu.html;
https://ks-electrica.ru/r-sekatory.html;
https://ks-electrica.ru/r-sistema-protyazhki-kabelya.html;
https://ks-electrica.ru/r-sistema-uglovykh-strubtsin.html;
https://ks-electrica.ru/r-slesarnoe-zubilo.html;
https://ks-electrica.ru/r-stepler.html;
https://ks-electrica.ru/r-stropa-dlya-lebedki.html;
https://ks-electrica.ru/r-strubtsina.html;
https://ks-electrica.ru/r-tara-upakovka-stroitelnaya-zashchitnaya-plenka.html;
https://ks-electrica.ru/r-tachka.html;
https://ks-electrica.ru/r-topor.html;
https://ks-electrica.ru/r-tortsevoy-gaechnyy-klyuch.html;
https://ks-electrica.ru/r-tortsevye-kusachki.html;
https://ks-electrica.ru/r-uroven.html;
https://ks-electrica.ru/r-shlifovalnyy-krug.html;
https://ks-electrica.ru/r-shpatel.html;
https://ks-electrica.ru/r-shtangentsirkul-mikroometr.html;
https://ks-electrica.ru/r-yashchik-dlya-instrumentov.html;
https://ks-electrica.ru/r-instrumenty-dlya-opressovki-rezki-snyatiya-izolyatsii.html;
https://ks-electrica.ru/r-aksessuary-dlya-okontsevateley-provodov.html;
https://ks-electrica.ru/r-vkladysh-dlya-instrumenta-dlya-opressovki-kabelnykh-nakonechnikov-okontsevaniya-provodov-prisoedinen.html;
https://ks-electrica.ru/r-instrument-dlya-opressovki-kabelnykh-nakonechnikov-okontsevaniya-provodov-prisoedineniya-ekrana.html;
https://ks-electrica.ru/r-instrument-dlya-snyatiya-izolyatsii-kabelnyy.html;
https://ks-electrica.ru/r-instrument-mnogofunktsionalnyy-opressovka-rezka-perforatsiya.html;
https://ks-electrica.ru/r-nozh-kabelnyy.html;
https://ks-electrica.ru/r-rezak-kabelnyy.html;
https://ks-electrica.ru/r-spetsialnyy-instrument-dlya-telekommunikatsionnykh-tekhnologiy.html;
https://ks-electrica.ru/r-kanaly-nastennogo-i-potolochnogo-montazha.html;
https://ks-electrica.ru/r-zaglushka-dlya-kabel-kanala.html;
https://ks-electrica.ru/r-zaglushka-dlya-nastennogo-kabel-kanala.html;
https://ks-electrica.ru/r-zaglushka-dlya-plintusnogo-kabel-kanala.html;
https://ks-electrica.ru/r-zaglushka-frontalnaya-dlya-kabel-kanala.html;
https://ks-electrica.ru/r-zazhim-kabelnyy-dlya-kabel-kanala.html;
https://ks-electrica.ru/r-zazhim-kabelnyy-dlya-nastennogo-kabel-kanala.html;
https://ks-electrica.ru/r-zashchita-vvoda-kabelya-v-kabel-kanal.html;
https://ks-electrica.ru/r-kabel-kanal.html;
https://ks-electrica.ru/r-kabel-kanal-napolnyy.html;
https://ks-electrica.ru/r-kabel-kanal-nastennyy-parapetnyy.html;
https://ks-electrica.ru/r-kabel-kanal-plintusnyy.html;
https://ks-electrica.ru/r-korobka-montazhnaya-dlya-nastennogo-kabel-kanala.html;
https://ks-electrica.ru/r-korobka-otvetvitelnaya-dlya-kabel-kanala.html;
https://ks-electrica.ru/r-korobka-raspredelitelnaya-dlya-sistem-kabel-kanalov.html;
https://ks-electrica.ru/r-korobka-ustanovochnaya-dlya-plintusnogo-kabel-kanala.html;
https://ks-electrica.ru/r-kronshteyn-krepleniya-dlya-nastennogo-kabel-kanala.html;
https://ks-electrica.ru/r-kryshka-dlya-nastennogo-kabel-kanala.html;
https://ks-electrica.ru/r-kryshka-plintusnogo-kabel-kanala.html;
https://ks-electrica.ru/r-osnovanie-plintusnogo-kabel-kanala.html;
https://ks-electrica.ru/r-panel-litsevaya-dlya-nastennogo-kabel-kanala.html;
https://ks-electrica.ru/r-peregorodka-razdelitelnaya-dlya-nastennogo-kabel-kanala.html;
https://ks-electrica.ru/r-perekhod-nastenno-potolochnyy-dlya-kabel-kanala.html;
https://ks-electrica.ru/r-perekhodnik-dlya-kabel-kanala.html;
https://ks-electrica.ru/r-perekhodnik-dlya-plintusnogo-kabel-kanala.html;
https://ks-electrica.ru/r-povorot-dlya-kabel-kanala.html;
https://ks-electrica.ru/r-povorot-dlya-napolnogo-kabel-kanala.html;
https://ks-electrica.ru/r-povorot-dlya-nastennogo-kabel-kanala.html;
https://ks-electrica.ru/r-povorot-dlya-plintusnogo-kabel-kanala.html;
https://ks-electrica.ru/r-razem-dlya-nastennogo-kabel-kanala.html;
https://ks-electrica.ru/r-ramka-dlya-vvoda-nastennogo-kabel-kanala-v-stenu-potolok-shchit.html;
https://ks-electrica.ru/r-soedinitel-dlya-napolnogo-kabel-kanala.html;
https://ks-electrica.ru/r-soedinitel-na-styk-dlya-nastennogo-kabel-kanala.html;
https://ks-electrica.ru/r-soedinitel-na-styk-dlya-plintusnogo-kabel-kanala.html;
https://ks-electrica.ru/r-soedinitel-osnovaniya-dlya-nastennogo-kabel-kanala.html;
https://ks-electrica.ru/r-soedinitel-nakladka-na-styk-dlya-kabel-kanala.html;
https://ks-electrica.ru/r-ugol-vneshniy-dlya-kabel-kanala.html;
https://ks-electrica.ru/r-ugol-vneshniy-dlya-nastennogo-kabel-kanala.html;
https://ks-electrica.ru/r-ugol-vneshniy-dlya-plintusnogo-kabel-kanala.html;
https://ks-electrica.ru/r-ugol-vnutrenniy-dlya-kabel-kanala.html;
https://ks-electrica.ru/r-ugol-vnutrenniy-dlya-nastennogo-kabel-kanala.html;
https://ks-electrica.ru/r-ugol-vnutrenniy-dlya-plintusnogo-kabel-kanala.html;
https://ks-electrica.ru/r-ugol-t-obraznyy-dlya-kabel-kanala.html;
https://ks-electrica.ru/r-ugol-t-obraznyy-dlya-nastennogo-kabel-kanala.html;
https://ks-electrica.ru/r-kolodki-klemmnye.html;
https://ks-electrica.ru/r-din-reyka-g-reyka.html;
https://ks-electrica.ru/r-aksessuary-dlya-klemmnoy-kolodki.html;
https://ks-electrica.ru/r-zazhim-ekrana-shchitovoy.html;
https://ks-electrica.ru/r-indikator-klemmnoy-kolodki.html;
https://ks-electrica.ru/r-klemmnaya-kolodka-dlya-podklyucheniya-termopary.html;
https://ks-electrica.ru/r-klemmnaya-kolodka-s-predokhranitelem.html;
https://ks-electrica.ru/r-kolodka-zazemleniya-klemmnaya.html;
https://ks-electrica.ru/r-kolodka-klemmnaya-s-nozhom-otklyucheniya.html;
https://ks-electrica.ru/r-komponent-klemmnoy-kolodki.html;
https://ks-electrica.ru/r-markirovka-dlya-klemmnoy-kolodki.html;
https://ks-electrica.ru/r-mnogourovnevaya-klemmnaya-kolodka.html;
https://ks-electrica.ru/r-nulevaya-klemmnaya-kolodka.html;
https://ks-electrica.ru/r-nulevaya-shina.html;
https://ks-electrica.ru/r-odno-mnogopolyusnaya-klemmnaya-kolodka.html;
https://ks-electrica.ru/r-panel-prokhodnoy-klemmnoy-kolodki.html;
https://ks-electrica.ru/r-peregorodka-kontsevaya-i-razdelitelnaya-dlya-klemmnoy-kolodki.html;
https://ks-electrica.ru/r-peremychka-klemmnoy-kolodki.html;
https://ks-electrica.ru/r-prokhodnaya-klemmnaya-kolodka.html;
https://ks-electrica.ru/r-testovyy-razem-dlya-shtekera.html;
https://ks-electrica.ru/r-testovyy-shteker-klemmnoy-kolodki.html;
https://ks-electrica.ru/r-tortsevaya-klemma-klemmnoy-kolodki.html;
https://ks-electrica.ru/r-kommunikatsionnaya-tekhnika-komponenty-i-sistemy.html;
https://ks-electrica.ru/r-aksessuary-dlya-dveri-sistemy-videodomofona.html;
https://ks-electrica.ru/r-dvernoy-gromkogovoritel.html;
https://ks-electrica.ru/r-zvonok-dvernoy.html;
https://ks-electrica.ru/r-znak-bezopasnosti-preduprezhdayushchiy-znak.html;
https://ks-electrica.ru/r-komplekt-domofona.html;
https://ks-electrica.ru/r-kontakt-dlya-razdvizhnykh-dverey.html;
https://ks-electrica.ru/r-monitor-dlya-dveri-sistemy-videodomofona.html;
https://ks-electrica.ru/r-panel-vyzyvnaya-domofona.html;
https://ks-electrica.ru/r-svyaz-vnutrennyaya.html;
https://ks-electrica.ru/r-kontrolno-izmeritelnye-pribory.html;
https://ks-electrica.ru/r-aksessuary-dlya-izmeritelnykh-priborov.html;
https://ks-electrica.ru/r-datchik-temperatury-dlya-kip.html;
https://ks-electrica.ru/r-detektor-skrytoy-provodki.html;
https://ks-electrica.ru/r-izmeritel-antifriza.html;
https://ks-electrica.ru/r-izmeritel-temperatury-i-klimata.html;
https://ks-electrica.ru/r-izmeritelnoe-ispytatelnoe-oborudovanie-dlya-telekommunikatsionnoy-tekhnologii.html;
https://ks-electrica.ru/r-indikator-nizkogo-napryazheniya.html;
https://ks-electrica.ru/r-kleshchi-tokoizmeritelnye.html;
https://ks-electrica.ru/r-kontrolnyy-sterzhen.html;
https://ks-electrica.ru/r-megaommetr.html;
https://ks-electrica.ru/r-multimetr.html;
https://ks-electrica.ru/r-pogruzhnaya-trubka.html;
https://ks-electrica.ru/r-testovyy-shteker.html;
https://ks-electrica.ru/r-koroba-kabelnye.html;
https://ks-electrica.ru/r-zazhim-dlya-raspredelitelnogo-shchelevogo-koroba.html;
https://ks-electrica.ru/r-zaklepka-dlya-raspredelitelnogo-shchelevogo-koroba.html;
https://ks-electrica.ru/r-korob-raspredelitelnyy-shchelevoy.html;
https://ks-electrica.ru/r-kryshka-dlya-raspredelitelnogo-shchelevogo-koroba.html;
https://ks-electrica.ru/r-kotly-i-obogrevateli.html;
https://ks-electrica.ru/r-teploventilyator.html;
https://ks-electrica.ru/r-linii-elektroperedach-lep.html;
https://ks-electrica.ru/r-armatura-dlya-neizolirovannykh-provodov.html;
https://ks-electrica.ru/r-armatura-dlya-samonesushchikh-izolirovannykh-provodov-armatura-sip.html;
https://ks-electrica.ru/r-armatura-lineyno-stsepnaya.html;
https://ks-electrica.ru/r-izolyatory-dlya-lep.html;
https://ks-electrica.ru/r-metallokonstruktsii-i-opory-dlya-lep.html;
https://ks-electrica.ru/r-material-montazhnyy.html;
https://ks-electrica.ru/r-derzhatel-kabelnyy-zazhimnoy.html;
https://ks-electrica.ru/r-zazhim-balochnyy.html;
https://ks-electrica.ru/r-zazhim-davleniya.html;
https://ks-electrica.ru/r-zazhim-nesushchego-trosa.html;
https://ks-electrica.ru/r-zazhim-klipsa-dlya-krepleniya-trub.html;
https://ks-electrica.ru/r-metalloprokat.html;
https://ks-electrica.ru/r-napravlyayushchaya-kabelya.html;
https://ks-electrica.ru/r-plastina-montazhnaya-dlya-krepleniya-khomutov.html;
https://ks-electrica.ru/r-skoba-krepezhnaya.html;
https://ks-electrica.ru/r-skoba-s-gvozdem.html;
https://ks-electrica.ru/r-soedinitel-provoda.html;
https://ks-electrica.ru/r-stalnaya-provoloka.html;
https://ks-electrica.ru/r-materialy-dlya-podklyucheniya.html;
https://ks-electrica.ru/r-aksessuary-dlya-raspredelitelnykh-korobok-korpusov-dlya-montazha-v-stene-i-v-potolke.html;
https://ks-electrica.ru/r-zazhim-bezvintovoy-klemmnyy.html;
https://ks-electrica.ru/r-korobka-klemmnaya.html;
https://ks-electrica.ru/r-korobka-raspredelitelnaya-dlya-potolochnykh-svetilnikov.html;
https://ks-electrica.ru/r-kryshka-dlya-raspredelitelnoy-korobki-korpusa-dlya-montazha-v-stene-i-v-potolke.html;
https://ks-electrica.ru/r-raspredelitelnaya-korobka-korpus-dlya-montazha-v-stene-i-v-potolke.html;
https://ks-electrica.ru/r-raspredelitelnaya-korobka-korpus-dlya-montazha-na-stene-i-na-potolke.html;
https://ks-electrica.ru/r-mufty-fitingi-santekhnicheskie.html;
https://ks-electrica.ru/r-akssesuary-dlya-santekhnicheskikh-izdeliy.html;
https://ks-electrica.ru/r-ne-opredeleno.html;
https://ks-electrica.ru/r-pozitsii-bez-privyazki-k-kategorii.html;
https://ks-electrica.ru/r-prochie-tovary.html;
https://ks-electrica.ru/r-oborudovanie-vysokovoltnoe.html;
https://ks-electrica.ru/r-transformatory-vysokovoltnye.html;
https://ks-electrica.ru/r-oborudovanie-payalnoe-i-svarochnoe.html;
https://ks-electrica.ru/r-zhalo-payalnika.html;
https://ks-electrica.ru/r-nabor-payalnyy.html;
https://ks-electrica.ru/r-opletka-dlya-snyatiya-pripoya.html;
https://ks-electrica.ru/r-payalnik-gazovyy.html;
https://ks-electrica.ru/r-payalnik-elektricheskiy.html;
https://ks-electrica.ru/r-podstavka-dlya-payalnika.html;
https://ks-electrica.ru/r-pripoynaya-provoloka.html;
https://ks-electrica.ru/r-flyus-gel.html;
https://ks-electrica.ru/r-chistyashchaya-gubka-dlya-payalnogo-zhala.html;
https://ks-electrica.ru/r-oborudovanie-telekommunikatsionnoe.html;
https://ks-electrica.ru/r-aksessuary-dlya-telefaksa-printera-mfu.html;
https://ks-electrica.ru/r-printer.html;
https://ks-electrica.ru/r-raskhodnye-materialy-dlya-telefaksa-printera-mfu.html;
https://ks-electrica.ru/r-osvetitelnye-aksessuary.html;
https://ks-electrica.ru/r-aksessuary-dlya-opor-osveshcheniya.html;
https://ks-electrica.ru/r-aksessuary-dlya-svetilnika-mekhanicheskie.html;
https://ks-electrica.ru/r-aksessuary-dlya-svetilnika-svetotekhnicheskie.html;
https://ks-electrica.ru/r-aksessuary-dlya-svetilnika-elektricheskie.html;
https://ks-electrica.ru/r-aksessuary-dlya-svetodiodnoy-lenty-trubki.html;
https://ks-electrica.ru/r-blok-avtonomnyy-svetilnika-avariynogo-osveshcheniya.html;
https://ks-electrica.ru/r-patron-lampovyy.html;
https://ks-electrica.ru/r-piktogramma-dlya-svetilnikov.html;
https://ks-electrica.ru/r-podderzhka-profilya-dlya-sistemy-svetovaya-liniya.html;
https://ks-electrica.ru/r-stolb-opora-osveshcheniya.html;
https://ks-electrica.ru/r-shinoprovod-dlya-osveshcheniya.html;
https://ks-electrica.ru/r-energosberegayushchiy-kontroller.html;
https://ks-electrica.ru/r-otopitelnye-pribory-tekhnologicheskie-i-inzhenernye-sistemy.html;
https://ks-electrica.ru/r-aksessuary-dlya-nagrevatelnykh-kabeley.html;
https://ks-electrica.ru/r-datchik-temperatury-dlya-otopitelnykh-priborov.html;
https://ks-electrica.ru/r-dushevaya-kabina.html;
https://ks-electrica.ru/r-zavesa-teplovaya.html;
https://ks-electrica.ru/r-zaglushka-reviziya-dlya-sistemy-ventilyatsii.html;
https://ks-electrica.ru/r-koleno-truby-dlya-sistem-ventilyatsii.html;
https://ks-electrica.ru/r-konvektor-elektricheskiy.html;
https://ks-electrica.ru/r-kontroller-temperatury-v-pomeshchenii.html;
https://ks-electrica.ru/r-kontroller-elektricheskogo-otopleniya.html;
https://ks-electrica.ru/r-nabor-dlya-nagrevatelnykh-kabeley.html;
https://ks-electrica.ru/r-nagrevatel-infrakrasnyy.html;
https://ks-electrica.ru/r-nagrevatel-teploventilyator.html;
https://ks-electrica.ru/r-nagrevatelnyy-kabel.html;
https://ks-electrica.ru/r-pnsv.html;
https://ks-electrica.ru/r-nagrevatelnyy-mat.html;
https://ks-electrica.ru/r-osushitel-uvlazhnitel-ochistitel-vozdukha.html;
https://ks-electrica.ru/r-perekhodnik-dlya-sistemy-ventilyatsii.html;
https://ks-electrica.ru/r-radiator-elektricheskiy.html;
https://ks-electrica.ru/r-servoprivod-dlya-otopleniya.html;
https://ks-electrica.ru/r-stennoy-kanal-dlya-sistemy-ventilyatsii.html;
https://ks-electrica.ru/r-sushilka-dlya-ruk.html;
https://ks-electrica.ru/r-termostat-s-taymerom.html;
https://ks-electrica.ru/r-troynik-dlya-sistemy-ventilyatsii.html;
https://ks-electrica.ru/r-truboprovod-dlya-split-sistemy.html;
https://ks-electrica.ru/r-umyvalnik-s-vytyazhnoy-leykoy.html;
https://ks-electrica.ru/r-ustanovka-ventilyatsionnaya.html;
https://ks-electrica.ru/r-promyshlennye-programmiruemye-logicheskie-kontrollery.html;
https://ks-electrica.ru/r-aksessuary-dlya-kontrollerov.html;
https://ks-electrica.ru/r-analogo-tsifrovoy-modul-vvoda-vyvoda-programmiruemogo-logicheskogo-kontrollera.html;
https://ks-electrica.ru/r-analogovyy-modul-vvoda-vyvoda-programmiruemogo-logicheskogo-kontrollera.html;
https://ks-electrica.ru/r-graficheskiy-displey.html;
https://ks-electrica.ru/r-karta-pamyati-programmiruemogo-logicheskogo-kontrollera.html;
https://ks-electrica.ru/r-komplekt-kabeley-dlya-programmiruemogo-logicheskogo-kontrollera.html;
https://ks-electrica.ru/r-logicheskiy-modul.html;
https://ks-electrica.ru/r-modul-svyazi-programmiruemogo-logicheskogo-kontrollera.html;
https://ks-electrica.ru/r-programmnoe-obespechenie-dlya-programmirovaniya-i-razrabotki-programmnogo-obespecheniya.html;
https://ks-electrica.ru/r-promyshlennaya-set-detsentralizovannoe-periferiynoe-ustroystvo-analogo-tsifrovoy-modul-vvoda-vyvoda.html;
https://ks-electrica.ru/r-promyshlennaya-set-detsentralizovannoe-periferiynoe-ustroystvo-analogovyy-modul-vvoda-vyvoda.html;
https://ks-electrica.ru/r-promyshlennaya-set-detsentralizovannoe-periferiynoe-ustroystvo-istochnik-pitaniya-segment-modulya.html;
https://ks-electrica.ru/r-promyshlennaya-set-detsentralizovannoe-periferiynoe-ustroystvo-kommunikatsionnyy-modul.html;
https://ks-electrica.ru/r-promyshlennaya-set-detsentralizovannoe-periferiynoe-ustroystvo-modul-pitaniya-vyklyuchatel-dvigatelya.html;
https://ks-electrica.ru/r-promyshlennaya-set-detsentralizovannoe-periferiynoe-ustroystvo-montazhnaya-rama.html;
https://ks-electrica.ru/r-promyshlennaya-set-detsentralizovannoe-periferiynoe-ustroystvo-osnovnoy-pribor.html;
https://ks-electrica.ru/r-promyshlennaya-set-detsentralizovannoe-periferiynoe-ustroystvo-funktsionalnyy-tekhnologicheskiy-modu.html;
https://ks-electrica.ru/r-promyshlennaya-set-detsentralizovannoe-periferiynoe-ustroystvo-tsifrovoy-modul-vvoda-vyvoda.html;
https://ks-electrica.ru/r-promyshlennyy-personalnyy-kompyuter.html;
https://ks-electrica.ru/r-protsessornyy-modul-programmiruemogo-logicheskogo-kontrollera.html;
https://ks-electrica.ru/r-sistema-pitaniya-programmiruemogo-logicheskogo-kontrollera.html;
https://ks-electrica.ru/r-stoyka-montazhnaya-programmiruemogo-logicheskogo-kontrollera.html;
https://ks-electrica.ru/r-tekstovyy-displey.html;
https://ks-electrica.ru/r-tekhnologicheskiy-modul-programmiruemogo-logicheskogo-kontrollera.html;
https://ks-electrica.ru/r-tsifrovoy-modul-vvoda-vyvoda-programmiruemogo-logicheskogo-kontrollera.html;
https://ks-electrica.ru/r-punkty-ustanovki-izmeritelnykh-priborov.html;
https://ks-electrica.ru/r-shkaf-ucheta-i-izmereniya-v-komplekte.html;
https://ks-electrica.ru/r-rabochaya-odezhda-okhrana-truda.html;
https://ks-electrica.ru/r-aksessuary-dlya-siz-sredstva-individualnoy-zashchity.html;
https://ks-electrica.ru/r-berushi.html;
https://ks-electrica.ru/r-zashchitnye-ochki.html;
https://ks-electrica.ru/r-kovrik-dielektricheskiy.html;
https://ks-electrica.ru/r-kombinezon.html;
https://ks-electrica.ru/r-naushniki.html;
https://ks-electrica.ru/r-perchatki-zashchitnye.html;
https://ks-electrica.ru/r-pylezashchitnaya-maska.html;
https://ks-electrica.ru/r-rabochiy-zhilet.html;
https://ks-electrica.ru/r-remen-bezopasnosti.html;
https://ks-electrica.ru/r-respirator.html;
https://ks-electrica.ru/r-radiatory-konvektory.html;
https://ks-electrica.ru/r-aksessuary-dlya-radiatora.html;
https://ks-electrica.ru/r-infrakrasnaya-nagrevatelnaya-panel.html;
https://ks-electrica.ru/r-razemy.html;
https://ks-electrica.ru/r-blok-polyusov-kontaktnyy-dlya-promyshlennykh-razemov.html;
https://ks-electrica.ru/r-zashchitnaya-kryshka-kolpachok-dlya-promyshlennogo-razema.html;
https://ks-electrica.ru/r-korpus-dlya-promyshlennykh-razemov.html;
https://ks-electrica.ru/r-razem-vvoda-vyvoda.html;
https://ks-electrica.ru/r-razem-pryamougolnyy-razem-promyshlennyy.html;
https://ks-electrica.ru/r-rele.html;
https://ks-electrica.ru/r-aksessuary-dlya-kommutatsionnogo-rele.html;
https://ks-electrica.ru/r-blok-kontakt-s-vyderzhkoy-vremeni.html;
https://ks-electrica.ru/r-optron.html;
https://ks-electrica.ru/r-radiator-dlya-tverdotelnogo-rele.html;
https://ks-electrica.ru/r-rele-bezopasnosti-ustroystvo-dlya-kontrolya-bezopasnosti-tsepey.html;
https://ks-electrica.ru/r-rele-vremeni.html;
https://ks-electrica.ru/r-rele-kommutatsionnoe.html;
https://ks-electrica.ru/r-rele-kontrolya-koeffitsienta-moshchnosti.html;
https://ks-electrica.ru/r-rele-kontrolya-sprotivleniya-izolyatsii-zazemleniya.html;
https://ks-electrica.ru/r-rele-kontrolya-temperatury.html;
https://ks-electrica.ru/r-rele-kontrolya-toka.html;
https://ks-electrica.ru/r-rele-kontrolya-urovnya-zapolneniya.html;
https://ks-electrica.ru/r-rele-kontrolya-faz.html;
https://ks-electrica.ru/r-rele-moshchnosti.html;
https://ks-electrica.ru/r-rele-napravleniya-moshchnosti.html;
https://ks-electrica.ru/r-rele-napryazheniya.html;
https://ks-electrica.ru/r-rele-tverdotelnoe.html;
https://ks-electrica.ru/r-rozetka-rele.html;
https://ks-electrica.ru/r-sistema-shtekernogo-montazha-elektroseti-zdaniy.html;
https://ks-electrica.ru/r-soedinitelnyy-kabel-dlya-shtekernogo-montazha-elektroseti-zdaniy.html;
https://ks-electrica.ru/r-shteker-dlya-shtekernogo-montazha-elektroseti-zdaniy.html;
https://ks-electrica.ru/r-sistema-elektromontazhnykh-kolonn.html;
https://ks-electrica.ru/r-aksessuary-dlya-ustanovochnoy-kolonny.html;
https://ks-electrica.ru/r-kryshka-dlya-elektromontazhnoy-kolonny.html;
https://ks-electrica.ru/r-modul-rasshireniya-dlya-elektromontazhnoy-kolonny.html;
https://ks-electrica.ru/r-osnovanie-dlya-elektromontazhnoy-kolonny.html;
https://ks-electrica.ru/r-rozetka-dlya-elektromontazhnoy-kolonny.html;
https://ks-electrica.ru/r-elektromontazhnaya-kolonna.html;
https://ks-electrica.ru/r-sistemy-vvoda-dlya-kabeley-i-provodov.html;
https://ks-electrica.ru/r-vvod-kabelnyy-salnik.html;
https://ks-electrica.ru/r-kontrgayka-dlya-kabelnogo-vvoda.html;
https://ks-electrica.ru/r-prokladka.html;
https://ks-electrica.ru/r-uplotnitel-dlya-kabelnogo-razema.html;
https://ks-electrica.ru/r-sistemy-zashchity-shlangovye.html;
https://ks-electrica.ru/r-vtulka-dlya-zashchitnogo-shlanga.html;
https://ks-electrica.ru/r-derzhatel-dlya-zashchitnogo-shlanga.html;
https://ks-electrica.ru/r-zazhim-vintovoy-dlya-gofrirovannykh-plastikovykh-trub.html;
https://ks-electrica.ru/r-zazhim-vintovoy-dlya-metallicheskikh-zashchitnykh-rukavov.html;
https://ks-electrica.ru/r-zazhim-vintovoy-dlya-plastikovykh-zashchitnykh-rukavov.html;
https://ks-electrica.ru/r-mufta-dlya-gofrirovannykh-plastikovykh-trub.html;
https://ks-electrica.ru/r-plastikovyy-zashchitnyy-rukav.html;
https://ks-electrica.ru/r-rukav-zashchitnyy-metallicheskiy.html;
https://ks-electrica.ru/r-rukav-pletennyy-chulok-dlya-provoda.html;
https://ks-electrica.ru/r-spiral-montazhnaya-rukav-dlya-obedineniya-kabeley-v-zhgut.html;
https://ks-electrica.ru/r-truba-gofrirovannaya-plastikovaya.html;
https://ks-electrica.ru/r-uplotnitelnoe-koltso.html;
https://ks-electrica.ru/r-fiting-perekhodnik.html;
https://ks-electrica.ru/r-sistemy-okhlazhdeniya.html;
https://ks-electrica.ru/r-komplekt-vozdukhovodov-dlya-konditsionirovaniya-vozdukha.html;
https://ks-electrica.ru/r-sistemy-pozharnoy-okhrannoy-signalizatsii-i-sistemy-avariynogo-opoveshcheniya.html;
https://ks-electrica.ru/r-aksessuary-dlya-kamer-videonablyudeniya.html;
https://ks-electrica.ru/r-video-raspredelitelnaya-korobka-dlya-sistemy-videonablyudeniya.html;
https://ks-electrica.ru/r-videoregistrator-dlya-sistem-videonablyudeniya.html;
https://ks-electrica.ru/r-izveshchatel-dlya-sistemy-pozharnoy-signalizatsii.html;
https://ks-electrica.ru/r-kamera-dlya-sistemy-videonablyudeniya.html;
https://ks-electrica.ru/r-kommutator-videosignalov.html;
https://ks-electrica.ru/r-preobrazovatel-signala-dlya-sistemy-videonablyudeniya.html;
https://ks-electrica.ru/r-sistema-videonablyudeniya.html;
https://ks-electrica.ru/r-sistema-kontrolya-dostupa.html;
https://ks-electrica.ru/r-tsentralnaya-sistema-pozharnoy-signalizatsii.html;
https://ks-electrica.ru/r-elektromagnitnyy-zamok-dveri.html;
https://ks-electrica.ru/r-elektronnyy-nositel-informatsii-dlya-pereklyuchatelya-rezhimov.html;
https://ks-electrica.ru/r-sistemy-raspredeleniya-vysokogo-napryazheniya.html;
https://ks-electrica.ru/r-aksessuary-dlya-vysokovoltnogo-kommutatsionnogo-oborudovaniya.html;
https://ks-electrica.ru/r-aksessuary-dlya-vysokovoltnykh-transformatorov.html;
https://ks-electrica.ru/r-armatura-dlya-provodov-linii-elektroperedach.html;
https://ks-electrica.ru/r-vysokovoltnoe-kommutatsionnoe-oborudovanie.html;
https://ks-electrica.ru/r-vysokovoltnye-izolyatory.html;
https://ks-electrica.ru/r-sistemy-raspredeleniya-elektroenergii-raspredelitelnye-ustroystva.html;
https://ks-electrica.ru/r-din-reyka.html;
https://ks-electrica.ru/r-aksessuary-dlya-otvetvitelnoy-sektsii-shinoprovoda.html;
https://ks-electrica.ru/r-aksessuary-dlya-sbornykh-shin.html;
https://ks-electrica.ru/r-aksessuary-dlya-shinoprovoda.html;
https://ks-electrica.ru/r-blok-klemmnoy-kolodki-raspredelitelnyy.html;
https://ks-electrica.ru/r-blok-raspredelitelnyy-s-silovym-vyklyuchatelem.html;
https://ks-electrica.ru/r-blok-raspredelitelnyy-s-ustroystvom-zashchitnogo-otklyucheniya-i-avtomaticheskimi-vyklyuchatelyami.html;
https://ks-electrica.ru/r-blok-yashchik-vyklyuchatelya-s-plavkimi-predokhranitelyami.html;
https://ks-electrica.ru/r-dvernaya-petlya-dlya-raspredelitelnogo-shkafa.html;
https://ks-electrica.ru/r-derzhatel-shiny.html;
https://ks-electrica.ru/r-zazemlyayushchaya-shina-dlya-raspredelitelnogo-shchita.html;
https://ks-electrica.ru/r-kabelnye-napravlyayushchie-dlya-shkafov.html;
https://ks-electrica.ru/r-klyuch-dlya-shkafov.html;
https://ks-electrica.ru/r-lichinka-zamka-zamochnyy-vkladysh.html;
https://ks-electrica.ru/r-magistralnaya-klemmnaya-kolodka.html;
https://ks-electrica.ru/r-marker-sprey-kraska.html;
https://ks-electrica.ru/r-panel-montazhnaya-dlya-raspredelitelnogo-shchita.html;
https://ks-electrica.ru/r-plastina-razdeleniya-faz.html;
https://ks-electrica.ru/r-raspredelitelnyy-blok-sbornykh-shin.html;
https://ks-electrica.ru/r-sektsiya-shinoprovoda.html;
https://ks-electrica.ru/r-sektsiya-shinoprovoda-vvodnaya.html;
https://ks-electrica.ru/r-sektsiya-shinoprovoda-otvetvitelnaya.html;
https://ks-electrica.ru/r-sektsiya-shinoprovoda-povorotnaya.html;
https://ks-electrica.ru/r-sistema-blokirovki-dlya-sistemy-raspredelitelnogo-shkafa.html;
https://ks-electrica.ru/r-sistema-krepleniya-dlya-shinoprovoda.html;
https://ks-electrica.ru/r-shina-gibkaya.html;
https://ks-electrica.ru/r-shinnaya-sistema-dlya-raspredelitelnykh-shchitov.html;
https://ks-electrica.ru/r-sistemy-skrytoy-provodki-pod-polom.html;
https://ks-electrica.ru/r-aksessuary-dlya-sistemy-prokladki-kabelya-pod-falshpolom.html;
https://ks-electrica.ru/r-aksessuary-dlya-sistemy-skrytoy-provodki-pod-polom.html;
https://ks-electrica.ru/r-kassetnaya-ramka.html;
https://ks-electrica.ru/r-korobka-montazhnaya.html;
https://ks-electrica.ru/r-kryshka-montazhnogo-osnovaniya-dlya-napolnogo-boksa.html;
https://ks-electrica.ru/r-lyuchok-napolnyy.html;
https://ks-electrica.ru/r-osnovanie-montazhnoe-s-kryshkoy-i-zaglushkoy-dlya-kabelnykh-kanalov-skrytoy-ustanovki-v-styazhke-ras.html;
https://ks-electrica.ru/r-raspredelitelnaya-korobka-dlya-napolnogo-montazha.html;
https://ks-electrica.ru/r-raspredelitelnaya-korobka-dlya-sistemy-prokladki-kabelya-pod-polom.html;
https://ks-electrica.ru/r-revizionnyy-lyuk-dlya-podzemnoy-ustanovki.html;
https://ks-electrica.ru/r-tortsevaya-zaglushka-kabelnogo-kanala.html;
https://ks-electrica.ru/r-sistemy-elektricheskikh-raspredelitelnykh-shkafov.html;
https://ks-electrica.ru/r-aksessuary-dlya-stoyki-raspredelitelnogo-shkafa.html;
https://ks-electrica.ru/r-ventilyator-raspredelitelnogo-shkafa.html;
https://ks-electrica.ru/r-verkhnyaya-kryshka-element-kryshki-raspredelitelnogo-shkafa.html;
https://ks-electrica.ru/r-vozdukho-vodyanoy-teploobmennik-sistemy-ventilyatsii-i-konditsionirovaniya-raspredelitelnogo-shkafa.html;
https://ks-electrica.ru/r-gigrostat-raspredelitelnogo-shkafa.html;
https://ks-electrica.ru/r-dver-panel-upravleniya-raspredelitelnogo-shkafa.html;
https://ks-electrica.ru/r-dopolnitelnyy-modul-raspredelitelnogo-shkafa.html;
https://ks-electrica.ru/r-drenazh-raspredelitelnogo-shkafa.html;
https://ks-electrica.ru/r-karkasnaya-rama-raspredelitelnogo-shkafa.html;
https://ks-electrica.ru/r-karman-raspredelitelnogo-shkafa-dlya-skhem-i-dokumentov.html;
https://ks-electrica.ru/r-komponenty-dlya-dverey-raspredelitelnogo-shkafa.html;
https://ks-electrica.ru/r-komponenty-dlya-zazemleniya-uravnivaniya-potentsialov-raspredelitelnogo-shkafa.html;
https://ks-electrica.ru/r-komponenty-dlya-montazha-razmeshcheniya-sborki-raspredelitelnogo-shkafa.html;
https://ks-electrica.ru/r-komponenty-dlya-sborki-raspredelitelnogo-shkafa.html;
https://ks-electrica.ru/r-komponenty-dlya-transportirovki-raspredelitelnogo-shkafa.html;
https://ks-electrica.ru/r-komponenty-krepleniya-provodov-kabelnykh-vvodov-i-fiksatsii-kabelya-raspredelitelnogo-shkafa.html;
https://ks-electrica.ru/r-konditsioner-raspredelitelnogo-shkafa.html;
https://ks-electrica.ru/r-korpus-dlya-ustanovki-komponentovs-shagom-482-6-mm-19-dyuymov.html;
https://ks-electrica.ru/r-kryshka-glukhaya-dver-polosa-markirovki-raspredelitelnogo-shkafa.html;
https://ks-electrica.ru/r-obogrev-raspredelitelnogo-shkafa.html;
https://ks-electrica.ru/r-okno-raspredelitelnogo-shkafa.html;
https://ks-electrica.ru/r-osnovanie-element-osnovaniya-raspredelitelnogo-shkafa.html;
https://ks-electrica.ru/r-panel-ventilyatsionnaya-dlya-raspredelitelnogo-shkafa.html;
https://ks-electrica.ru/r-panel-raspredelitelnogo-shkafa-bokovaya-zadnyaya.html;
https://ks-electrica.ru/r-perednyaya-panel-dlya-sborki-s-shagom-482-6-mm-19-dyuymov.html;
https://ks-electrica.ru/r-perednyaya-panel-raspredelitelnogo-shkafa.html;
https://ks-electrica.ru/r-prinadlezhnosti-montazhnye-raspredelitelnogo-shkafa.html;
https://ks-electrica.ru/r-profil-raspredelitelnogo-shkafa.html;
https://ks-electrica.ru/r-pult-upravleniya-raspredelitelnogo-shkafa.html;
https://ks-electrica.ru/r-razdelitelnaya-peregorodka-raspredelitelnogo-shkafa.html;
https://ks-electrica.ru/r-raspredelitelnyy-shkaf-pustotelyy.html;
https://ks-electrica.ru/r-svetilnik-raspredelitelnogo-shkafa.html;
https://ks-electrica.ru/r-setevoy-yashchik.html;
https://ks-electrica.ru/r-setevoy-servernyy-shkaf.html;
https://ks-electrica.ru/r-stoyka-raspredelitelnogo-shkafa.html;
https://ks-electrica.ru/r-telekommunikatsionnyy-shkaf.html;
https://ks-electrica.ru/r-termostat-raspredelitelnogo-shkafa.html;
https://ks-electrica.ru/r-filtr-sistemy-ventilyatsii-i-konditsionirovaniya-raspredelitelnogo-shkafa.html;
https://ks-electrica.ru/r-element-montazhnyy-dlya-sborki-s-shagom-482-6-mm-19-dyuymov.html;
https://ks-electrica.ru/r-sistemy-prepyatstvuyushchie-rasprostraneniyu-ognya-ognestoykie-kabel-kanaly.html;
https://ks-electrica.ru/r-aksessuary-dlya-protivopozharnogo-barera.html;
https://ks-electrica.ru/r-ognezashchitnoe-pokrytie-obshivka.html;
https://ks-electrica.ru/r-protivopozharnyy-barer.html;
https://ks-electrica.ru/r-soediniteli-dlya-shlangov-i-rukavov.html;
https://ks-electrica.ru/r-khomut-chervyachnyy-dlya-shlanga.html;
https://ks-electrica.ru/r-ustanovochnye-ustroystva-dlya-sistemnoy-shiny.html;
https://ks-electrica.ru/r-blok-pitaniya-dlya-sistemnoy-shiny.html;
https://ks-electrica.ru/r-datchik-sensornyy-dlya-sistemnoy-shiny.html;
https://ks-electrica.ru/r-dvoichnyy-vkhod-dlya-sistemnoy-shiny.html;
https://ks-electrica.ru/r-dimmer-dlya-sistemnoy-shiny.html;
https://ks-electrica.ru/r-interfeys-media-shlyuz-dlya-sistemnoy-shiny.html;
https://ks-electrica.ru/r-mnogofunktsionalnoe-ustroystvo-dlya-sistemnoy-shiny.html;
https://ks-electrica.ru/r-privod-vyklyuchatelya-sovmestimyy-s-sistemnoy-shinoy.html;
https://ks-electrica.ru/r-regulyator-komnatnoy-temperatury-dlya-sistemnoy-shiny.html;
https://ks-electrica.ru/r-sensornyy-pereklyuchatel-dlya-sistemnoy-shiny.html;
https://ks-electrica.ru/r-servoprivod-sovmestimyy-s-sistemnoy-shinoy.html;
https://ks-electrica.ru/r-ustroystva-bezopasnosti.html;
https://ks-electrica.ru/r-indikator-signalizator-napryazheniya.html;
https://ks-electrica.ru/r-kronshteyn-montazhnyy-dlya-perenosnogo-zazemleniya.html;
https://ks-electrica.ru/r-perenosnoe-zazemlenie.html;
https://ks-electrica.ru/r-ukazatel-vysokogo-napryazheniya.html;
https://ks-electrica.ru/r-shtanga-operativnaya.html;
https://ks-electrica.ru/r-ustroystva-zazemleniya-molniezashchity-i-zashchity-ot-perenapryazheniy.html;
https://ks-electrica.ru/r-aksessuary-dlya-zazemleniya-i-molniezashchity.html;
https://ks-electrica.ru/r-derzhatel-dlya-molniezashchity.html;
https://ks-electrica.ru/r-derzhatel-krovelnyy-provodnika-dlya-molniezashchity.html;
https://ks-electrica.ru/r-derzhatel-provodnika-dlya-molniezashchity.html;
https://ks-electrica.ru/r-zazhim-zazemleniya.html;
https://ks-electrica.ru/r-zazhim-zazemleniya-truby.html;
https://ks-electrica.ru/r-zazhim-razdelitelnyy-dlya-molniezashchity.html;
https://ks-electrica.ru/r-zazhim-soedinitelnyy-dlya-molniezashchity.html;
https://ks-electrica.ru/r-zazemlitel.html;
https://ks-electrica.ru/r-zashchitnyy-razdelitelnyy-iskrovoy-promezhutok-dlya-molniezashchity.html;
https://ks-electrica.ru/r-kombinirovannyy-razryadnik-dlya-sistem-elektrosnabzheniya.html;
https://ks-electrica.ru/r-komplekt-zazemleniya.html;
https://ks-electrica.ru/r-materialy-dlya-zazemleniya.html;
https://ks-electrica.ru/r-metallicheskiy-provodnik.html;
https://ks-electrica.ru/r-nabor-dlya-zazemleniya-molniezashchity.html;
https://ks-electrica.ru/r-oborudovanie-dlya-osmotra-i-ispytaniya-dlya-zashchity-ot-impulsnykh-perenapryazheniy.html;
https://ks-electrica.ru/r-osnovanie-dlya-sterzhnevogo-molniepriemnika-molniezashchity.html;
https://ks-electrica.ru/r-plastina-zazemlyayushchaya.html;
https://ks-electrica.ru/r-ploskiy-provodnik-dlya-molniezashchity.html;
https://ks-electrica.ru/r-razryadnik-toka-molnii-dlya-sistem-elektrosnabzheniya.html;
https://ks-electrica.ru/r-soedinitel-dlya-molniezashchity.html;
https://ks-electrica.ru/r-soedinitelnaya-klemma-dlya-sterzhnya-zazemleniya.html;
https://ks-electrica.ru/r-sterzhnevoy-molniepriemnik-dlya-molniezashchity.html;
https://ks-electrica.ru/r-tokootvod-dlya-molniezashchity-kruglyy.html;
https://ks-electrica.ru/r-udarnyy-nakonechnik-dlya-sterzhenya-zazemleniya.html;
https://ks-electrica.ru/r-ustroystva-zashchity-ot-perenapryazheniy-srednego-napryazheniya-1-36-kv.html;
https://ks-electrica.ru/r-ustroystvo-zashchity-ot-impulsnykh-perenapryazheniy-dlya-sistem-elektrosnabzheniya.html;
https://ks-electrica.ru/r-fiksirovannaya-tochka-zazemleniya.html;
https://ks-electrica.ru/r-shina-zazemlyayushchaya.html;
https://ks-electrica.ru/r-shina-uravnivaniya-potentsialov.html;
https://ks-electrica.ru/r-shtanga-derzhatel-dlya-molniezashchity.html;
https://ks-electrica.ru/r-element-bazovyy-dlya-ustroystva-zashchity-ot-perenapryazheniy.html;
https://ks-electrica.ru/r-ustroystva-opticheskoy-i-akusticheskoy-signalizatsii.html;
https://ks-electrica.ru/r-gong.html;
https://ks-electrica.ru/r-zvonok-gromkogo-boya.html;
https://ks-electrica.ru/r-opoveshchatel-zvukovoy.html;
https://ks-electrica.ru/r-opticheskoe-akusticheskoe-signalnoe-ustroystvo.html;
https://ks-electrica.ru/r-pult-distantsionnogo-radioupravleniya.html;
https://ks-electrica.ru/r-svetilnik-probleskovyy.html;
https://ks-electrica.ru/r-svetilnik-s-postoyannym-svetom.html;
https://ks-electrica.ru/r-svetilnik-vspyshka.html;
https://ks-electrica.ru/r-sirena-elektronnaya.html;
https://ks-electrica.ru/r-uchetnaya-tekhnika.html;
https://ks-electrica.ru/r-schetchiki-elektroenergii.html;
https://ks-electrica.ru/r-elektroizolyatsionnye-truby-truby-dlya-zashchity-kabelya.html;
https://ks-electrica.ru/r-vtulka-perekhodnaya-dlya-elektromontazhnykh-trub.html;
https://ks-electrica.ru/r-zaglushka-truby-dlya-elektroprovodki.html;
https://ks-electrica.ru/r-kabelnyy-zashchitnyy-kozhukh.html;
https://ks-electrica.ru/r-koleno-truby-dlya-elektroprovodki.html;
https://ks-electrica.ru/r-mufta-montazhnaya-dlya-gofrotrub.html;
https://ks-electrica.ru/r-mufta-soedinitelnaya-dlya-elektromontazhnykh-trub.html;
https://ks-electrica.ru/r-mufta-truby-dlya-elektroprovodki.html;
https://ks-electrica.ru/r-plastikovaya-truba-dlya-elektroprovodki.html;
https://ks-electrica.ru/r-plastina-montazhnaya-dlya-trub-zashchity-kabelya.html;
https://ks-electrica.ru/r-rasporka-dlya-trub-zashchity-kabelya.html;
https://ks-electrica.ru/r-signalnaya-lenta.html;
https://ks-electrica.ru/r-soedinitelnaya-mufta-dlya-trub-zashchity-kabelya.html;
https://ks-electrica.ru/r-stalnaya-truba-dlya-elektroprovodki.html;
https://ks-electrica.ru/r-troynik-truby-dlya-zashchity-kabelya.html;
https://ks-electrica.ru/r-truba-dlya-prokladki-v-zemle.html;
https://ks-electrica.ru/r-ugol-truby-dlya-elektroprovodki.html;
https://ks-electrica.ru/r-ugol-truby-zashchity-kabelya.html;
https://ks-electrica.ru/r-khomut-dlya-truby-zashchity-kabelya.html;
https://ks-electrica.ru/r-elektroinstrumenty-i-aksessuary-dlya-nikh.html;
https://ks-electrica.ru/r-akkumulyator-dlya-elektricheskikh-instrumentov.html;
https://ks-electrica.ru/r-aksessuary-dlya-gazonnogo-trimmera.html;
https://ks-electrica.ru/r-vozdushnyy-kompressor.html;
https://ks-electrica.ru/r-gazonnyy-trimmer-akkumulyatornyy.html;
https://ks-electrica.ru/r-gazonnyy-trimmer-elektricheskiy.html;
https://ks-electrica.ru/r-gazonokosilka-benzinovaya.html;
https://ks-electrica.ru/r-gazonokosilka-elektricheskaya.html;
https://ks-electrica.ru/r-disk-tsirkulyarnoy-pily.html;
https://ks-electrica.ru/r-drel-elektricheskaya.html;
https://ks-electrica.ru/r-drel-otvertka-akkumulyatornaya.html;
https://ks-electrica.ru/r-zubilo-dlya-perforatora.html;
https://ks-electrica.ru/r-kabelnyy-baraban.html;
https://ks-electrica.ru/r-koltsevaya-pila.html;
https://ks-electrica.ru/r-koronka-po-betonu.html;
https://ks-electrica.ru/r-lobzik-elektricheskiy.html;
https://ks-electrica.ru/r-materialy-dlya-svarki.html;
https://ks-electrica.ru/r-mashinka-shlifovalnaya-elektricheskaya.html;
https://ks-electrica.ru/r-mnogofunktsionalniyy-elektroinstrument.html;
https://ks-electrica.ru/r-moyka-vysokogo-davleniya-kerkher.html;
https://ks-electrica.ru/r-nastolnaya-elektricheskaya-tortsovaya-diskovaya-pila-polustatsionarnaya.html;
https://ks-electrica.ru/r-nastolnyy-shlifovalnyy-stanok.html;
https://ks-electrica.ru/r-otreznoy-abrazivnyy-i-shlifovalnyy-disk.html;
https://ks-electrica.ru/r-payalnyy-pistolet.html;
https://ks-electrica.ru/r-perforator-akkumulyatornyy.html;
https://ks-electrica.ru/r-perforator-elektricheskiy.html;
https://ks-electrica.ru/r-pilka-dlya-lobzika.html;
https://ks-electrica.ru/r-plitkorez.html;
https://ks-electrica.ru/r-polotno-nozhovochnoe.html;
https://ks-electrica.ru/r-pylesos-dlya-vlazhnoy-i-sukhoy-uborki-elektricheskiy.html;
https://ks-electrica.ru/r-sabelnaya-pila-akkumulyatornaya.html;
https://ks-electrica.ru/r-sadovyy-izmelchitel-elektricheskiy.html;
https://ks-electrica.ru/r-svarochnoe-oborudovanie.html;
https://ks-electrica.ru/r-sverlo.html;
https://ks-electrica.ru/r-termokleevoy-pistolet-elektricheskiy.html;
https://ks-electrica.ru/r-uglovaya-shlifovalnaya-mashina-elektricheskaya.html;
https://ks-electrica.ru/r-udarnaya-drel-elektricheskaya.html;
https://ks-electrica.ru/r-fen-tekhnicheskiy.html;
https://ks-electrica.ru/r-tsirkulyarnaya-pila-elektricheskie.html;
https://ks-electrica.ru/r-shtroborez-elektricheskiy.html;
https://ks-electrica.ru/r-shurupovert-akkumulyatornyy.html;
https://ks-electrica.ru/r-shurupovert-elektricheskiy.html;
https://ks-electrica.ru/r-ekstsentrikovaya-diskovaya-shlifovalnaya-mashina-elektricheskaya.html;
